_id,product_id,name,category_id,supplier_id,sku,cost_price,selling_price,current_stock,safety_stock,lead_time_days,reorder_point,abc_class,xyz_class,turnover_ratio,risk_score,created_at,updated_at
a81e637857ee467190eb5252,P1,Samsung S24 Ultra,cat1,S13,1001,93904,123415,94,42,8,42,A,X,154,4,2026-03-31T19:57:31.000Z,2026-03-31T19:57:31.000Z
c69d78def4914ff9b4a108c0,P2,Bosch Series 6,cat2,S20,1002,65738,73930,45,38,14,57,C,Y,38,9,2026-04-02T04:30:31.000Z,2026-04-02T04:30:31.000Z
f65d3446ad684dbea309e0d7,P3,Samsung 253L Double Door,cat3,S10,1003,136174,191841,146,41,10,46,B,X,4,8,2026-04-01T10:54:31.000Z,2026-04-01T10:54:31.000Z
9410525ed1ca4675881f6803,P4,Voltas 1.5 Ton 5 Star,cat4,S7,1004,126563,154676,442,42,7,37,C,Y,19,2,2026-04-02T14:15:31.000Z,2026-04-02T14:15:31.000Z
51d7899c32ae4b50b0dd42f9,P5,LG OLED C3,cat5,S5,1005,26884,38891,168,9,2,12,A,X,78,10,2026-03-29T11:58:31.000Z,2026-03-29T11:58:31.000Z
16de653cc5a64d93ada56c4d,P6,Usha Air Cooler 7906,cat6,S8,1006,44541,56640,294,9,13,56,C,Z,10,5,2026-03-29T01:01:31.000Z,2026-03-29T01:01:31.000Z
8ed1dc7d42ea4508b851771e,P7,Prestige Blender 5530,cat7,S19,1007,126515,186256,87,42,10,49,C,Y,122,2,2026-04-01T06:25:31.000Z,2026-04-01T06:25:31.000Z
3b75da349722485cb7d73c94,P8,Apple MacBook Air M2,cat8,S16,1008,66920,94958,168,33,1,23,B,Z,141,3,2026-04-02T11:08:31.000Z,2026-04-02T11:08:31.000Z
a2def0ff3bea4359a0f03eaa,P9,Lenovo Tab P11,cat9,S17,1009,58190,80408,224,20,11,26,B,Y,16,6,2026-03-28T23:01:31.000Z,2026-03-28T23:01:31.000Z
c85540198e564c7da35a824c,P10,Sennheiser HD 450BT,cat10,S6,1010,115488,170962,390,34,3,54,A,X,41,8,2026-03-29T15:25:31.000Z,2026-03-29T15:25:31.000Z
6851b4c043d5457d9da780e6,P11,Boat Wave Sigma,cat11,S5,1011,64743,80547,357,34,3,36,A,X,190,6,2026-04-01T18:01:31.000Z,2026-04-01T18:01:31.000Z
18dcd101d67c4818ade8a0b5,P12,Nikon Z6 II,cat12,S13,1012,109936,139837,57,25,5,16,C,X,122,6,2026-03-30T04:47:31.000Z,2026-03-30T04:47:31.000Z
1da75b071dbc4a81a999714d,P13,Brother DCP-L2520D,cat13,S14,1013,2934,3294,498,36,6,48,A,X,47,9,2026-03-30T01:05:31.000Z,2026-03-30T01:05:31.000Z
49f33b9272b84114b7b90ad8,P14,Hitachi Scanner 3578,cat14,S5,1014,116650,160198,234,32,11,19,B,Z,118,1,2026-03-29T14:41:31.000Z,2026-03-29T14:41:31.000Z
89f3ea68b9764c5abced816a,P15,Xiaomi Microwave 3082,cat15,S17,1015,109331,150114,48,49,3,57,B,X,10,5,2026-04-01T19:53:31.000Z,2026-04-01T19:53:31.000Z
f3ac74872ef54d76915157dd,P16,Bajaj Oven 7483,cat16,S6,1016,140124,191324,258,49,3,19,B,X,58,2,2026-03-29T23:42:31.000Z,2026-03-29T23:42:31.000Z
34613bad154549bdbdaa79f0,P17,Black & Decker Toaster 6134,cat17,S9,1017,85019,98842,287,7,6,12,A,X,24,7,2026-03-28T23:50:31.000Z,2026-03-28T23:50:31.000Z
4bb73e24fa0040e0a99b438f,P18,D-Link Mixer Grinder 119,cat18,S13,1018,31378,45244,30,5,7,22,C,Z,139,1,2026-03-27T17:13:31.000Z,2026-03-27T17:13:31.000Z
97210cb5cc094a62b4ecd6c7,P19,Eureka Forbes Water Purifier 4825,cat19,S8,1019,57858,85588,343,35,3,42,B,Y,135,3,2026-04-01T17:26:31.000Z,2026-04-01T17:26:31.000Z
dc2e5085eb06429eb165abac,P20,Corsair Geyser 3863,cat20,S5,1020,144926,176130,407,27,12,56,C,X,92,8,2026-04-02T12:34:31.000Z,2026-04-02T12:34:31.000Z
0179b4dce81945ac85c15069,P21,Bajaj Fan 1891,cat21,S14,1021,46883,63201,464,38,10,26,B,Y,193,7,2026-03-28T03:19:31.000Z,2026-03-28T03:19:31.000Z
855bbc5692fe4f148d29fa86,P22,Prestige Heater 9554,cat22,S12,1022,29607,37825,134,5,4,47,C,X,163,10,2026-03-27T21:22:31.000Z,2026-03-27T21:22:31.000Z
761432c8f53d4c5497cee485,P23,Eureka Forbes Iron 5584,cat23,S9,1023,81754,93182,159,16,3,44,A,Y,170,6,2026-03-31T09:15:31.000Z,2026-03-31T09:15:31.000Z
e4d0a6357e454fdfa77b7bd2,P24,Bajaj Vacuum Cleaner 4576,cat24,S20,1024,146676,184931,191,47,4,43,A,X,195,1,2026-04-01T20:00:31.000Z,2026-04-01T20:00:31.000Z
d87f92bb766e4ed884ed8a9d,P25,TP-Link Dishwasher 733,cat25,S7,1025,65167,86511,463,33,7,36,A,Z,15,10,2026-04-03T09:07:31.000Z,2026-04-03T09:07:31.000Z
e441549236984d5e8747e6bf,P26,Xiaomi Router 9614,cat26,S12,1026,30640,44420,77,46,11,26,C,X,145,6,2026-04-01T06:57:31.000Z,2026-04-01T06:57:31.000Z
c29cda9bd1c64c9ea34337c5,P27,Logitech Modem 5219,cat27,S10,1027,119524,167580,78,43,4,48,C,Z,91,9,2026-03-28T22:23:31.000Z,2026-03-28T22:23:31.000Z
49747ab446004a01b3d7d9c5,P28,Havells Speaker 6405,cat28,S11,1028,38766,48480,187,23,7,14,B,Y,56,6,2026-04-01T01:16:31.000Z,2026-04-01T01:16:31.000Z
33ff334a998f410e80810491,P29,Sharp Soundbar 162,cat29,S10,1029,91298,107256,9,11,4,42,C,X,178,7,2026-04-01T05:20:31.000Z,2026-04-01T05:20:31.000Z
d6dee54444844c2da1d0a8b9,P30,Bosch Projector 1079,cat30,S16,1030,60708,76296,391,24,4,46,B,Z,197,6,2026-03-30T05:54:31.000Z,2026-03-30T05:54:31.000Z
4c9b3e936a884358824cd2c5,P31,D-Link Gaming Console 6255,cat31,S18,1031,40060,58470,309,47,2,43,B,X,102,3,2026-03-28T16:50:31.000Z,2026-03-28T16:50:31.000Z
5c109c562c3a4ef1a4d9c1d8,P32,Black & Decker Keyboard 9515,cat32,S1,1032,136387,191337,229,22,5,55,A,Y,53,8,2026-03-30T01:17:31.000Z,2026-03-30T01:17:31.000Z
9dbcf799be654d51a45d418f,P33,D-Link Mouse 7367,cat33,S5,1033,29922,41185,380,15,11,46,B,Z,179,5,2026-04-03T07:59:31.000Z,2026-04-03T07:59:31.000Z
f0893f89294a4a18a4ec946c,P34,Usha Monitor 5734,cat34,S6,1034,125030,137805,247,11,10,54,C,X,74,7,2026-03-28T06:30:31.000Z,2026-03-28T06:30:31.000Z
d32a6b71594c44c1b1986b73,P35,Philips Hard Drive 2240,cat35,S14,1035,56872,65422,271,26,1,31,B,Y,84,5,2026-03-30T10:13:31.000Z,2026-03-30T10:13:31.000Z
d393fbe8efb14bca8a3b7a14,P36,Bajaj SSD 1336,cat36,S8,1036,17153,25678,153,33,9,56,C,X,76,9,2026-03-28T07:15:31.000Z,2026-03-28T07:15:31.000Z
2fa0b1097e394a6bb26187b1,P37,D-Link Pendrive 4047,cat37,S20,1037,97017,120464,54,42,7,51,B,X,58,2,2026-04-02T08:49:31.000Z,2026-04-02T08:49:31.000Z
96c6ab8d055d4fe48003ffd1,P38,Prestige Power Bank 4195,cat38,S16,1038,89768,116974,166,17,3,26,C,Z,138,8,2026-04-01T00:23:31.000Z,2026-04-01T00:23:31.000Z
3847d18ddfff49be88d466e7,P39,Panasonic Charger 8522,cat39,S5,1039,27687,37792,389,41,2,40,A,X,142,10,2026-03-27T19:26:31.000Z,2026-03-27T19:26:31.000Z
6cd7fc35c27d427fa1ec48c5,P40,Bajaj Extension Board 4755,cat40,S15,1040,137635,191919,240,27,9,35,C,X,199,3,2026-04-01T12:52:31.000Z,2026-04-01T12:52:31.000Z
077ed6358a7d478bb9d4edd8,P41,Corsair Inverter 4653,cat41,S7,1041,99337,127012,72,13,6,12,A,X,59,10,2026-04-02T02:58:31.000Z,2026-04-02T02:58:31.000Z
7fabcd1c7acc4dd1a0f64c5a,P42,Havells Battery 2449,cat42,S11,1042,57192,67264,36,5,7,11,A,X,112,6,2026-04-03T14:05:31.000Z,2026-04-03T14:05:31.000Z
e69a141bcec34ac3b931c1f7,P43,Usha Solar Panel 8949,cat43,S13,1043,31125,45543,211,6,7,23,C,X,55,2,2026-03-30T05:39:31.000Z,2026-03-30T05:39:31.000Z
0c2aa8b1c8274b54bb23cae6,P44,Bajaj LED Bulb 5384,cat44,S16,1044,89094,103991,197,29,9,50,C,Z,19,3,2026-04-02T17:24:31.000Z,2026-04-02T17:24:31.000Z
1da8e298c85444aba508e100,P45,Prestige Tube Light 7660,cat45,S2,1045,136804,170156,328,9,14,48,A,X,50,2,2026-03-31T05:07:31.000Z,2026-03-31T05:07:31.000Z
36c1672dcb77430ba8e989b0,P46,Hitachi Ceiling Light 8960,cat46,S2,1046,133668,172134,354,24,9,12,B,Z,112,2,2026-03-30T20:46:31.000Z,2026-03-30T20:46:31.000Z
d222c7b3d83744ccb50ea23c,P47,Bajaj Wall Light 5619,cat47,S2,1047,49943,55731,176,32,13,55,B,Y,66,8,2026-03-31T17:07:31.000Z,2026-03-31T17:07:31.000Z
0edf4b9ea60146f8a79ab16e,P48,D-Link Table Lamp 7411,cat48,S8,1048,137532,161221,490,15,7,37,A,Y,135,4,2026-03-30T23:53:31.000Z,2026-03-30T23:53:31.000Z
3606b460f18d4ae2b6a28b84,P49,Usha Emergency Light 9314,cat49,S17,1049,15076,22023,296,32,13,51,A,Z,25,2,2026-03-29T05:19:31.000Z,2026-03-29T05:19:31.000Z
4af8248692bc4c03ba5dcb01,P50,Razer CCTV Camera 2842,cat50,S4,1050,29977,36724,106,23,11,19,C,Y,30,8,2026-04-02T03:20:31.000Z,2026-04-02T03:20:31.000Z
462fe1c6f05c4aefaba0b3bf,P51,Stanley Door Lock 383,cat51,S15,1051,83030,119557,442,14,1,55,C,Y,135,2,2026-03-29T09:46:31.000Z,2026-03-29T09:46:31.000Z
024fecdb98074ad68bb6647a,P52,Bajaj Smart Lock 8349,cat52,S15,1052,144847,179423,96,44,6,56,A,X,20,6,2026-04-02T13:35:31.000Z,2026-04-02T13:35:31.000Z
3cf4d4d6554e4ba4825998b0,P53,TP-Link Doorbell 2817,cat53,S2,1053,9780,13827,271,28,1,60,B,Y,79,9,2026-03-30T20:22:31.000Z,2026-03-30T20:22:31.000Z
f0d484f2704c45ca8f610d12,P54,Xiaomi Curtains 9647,cat54,S3,1054,125034,154794,50,15,9,36,C,Y,63,1,2026-03-29T11:32:31.000Z,2026-03-29T11:32:31.000Z
1a57d732a13f470ca11901f3,P55,Philips Sofa 5607,cat55,S6,1055,90050,123237,285,40,12,12,C,Z,18,1,2026-03-29T05:22:31.000Z,2026-03-29T05:22:31.000Z
c1d8bcbeb364489fbb6346ad,P56,Sharp Bed 3929,cat56,S11,1056,22798,32528,256,19,9,42,B,X,190,1,2026-03-29T20:43:31.000Z,2026-03-29T20:43:31.000Z
7127676d3cfd4a9ba7be965e,P57,Logitech Mattress 3566,cat57,S12,1057,47511,55144,335,50,13,54,B,Z,107,7,2026-04-03T12:09:31.000Z,2026-04-03T12:09:31.000Z
f4ce5e5a0b394577a7c95925,P58,Panasonic Pillow 2517,cat58,S8,1058,5240,5832,470,27,5,46,A,Y,41,2,2026-03-28T11:50:31.000Z,2026-03-28T11:50:31.000Z
6d58bcb3944f4df5aecf9a1b,P59,D-Link Blanket 1166,cat59,S4,1059,36509,53262,462,18,13,35,A,Y,141,6,2026-04-02T12:50:31.000Z,2026-04-02T12:50:31.000Z
dd118c12ac6a41ec93689fb7,P60,Razer Wardrobe 1038,cat60,S4,1060,76349,96630,292,21,3,12,A,Y,143,9,2026-03-29T18:23:31.000Z,2026-03-29T18:23:31.000Z
63e84ae5b3ca4d0cadcd96cb,P61,Usha Dining Table 3565,cat61,S11,1061,25299,30445,190,7,5,44,C,Z,158,6,2026-03-30T02:50:31.000Z,2026-03-30T02:50:31.000Z
ff8a825ce2dc4de0b2292066,P62,Prestige Chair 8397,cat62,S11,1062,75010,100764,108,15,6,44,C,X,111,3,2026-03-28T05:00:31.000Z,2026-03-28T05:00:31.000Z
e2ac74ee73a74026b9b685b3,P63,Stanley Study Table 6573,cat63,S17,1063,36933,53646,88,13,10,49,A,Y,183,2,2026-03-28T23:54:31.000Z,2026-03-28T23:54:31.000Z
3cdf4cc60da04bab9f9360fd,P64,Sharp Bookshelf 7129,cat64,S9,1064,25879,35982,414,36,8,14,A,Z,9,2,2026-04-01T08:46:31.000Z,2026-04-01T08:46:31.000Z
43b28c6eba3544a79db1aa9d,P65,Philips Cupboard 2554,cat65,S11,1065,82355,102467,151,10,10,35,B,X,90,10,2026-03-28T08:37:31.000Z,2026-03-28T08:37:31.000Z
0f1ac2eb3e7e48ffa26cdc7a,P66,Bosch Dressing Table 3813,cat66,S9,1066,94079,136735,253,8,5,25,A,Y,95,10,2026-04-02T13:53:31.000Z,2026-04-02T13:53:31.000Z
266a560e8d6d4acca50714d1,P67,Razer Mirror 3969,cat67,S10,1067,89133,107124,223,43,5,40,C,X,78,1,2026-03-27T19:55:31.000Z,2026-03-27T19:55:31.000Z
082b31cf3e554f4a9fc12c9f,P68,Hitachi Carpet 2268,cat68,S11,1068,30097,44475,158,42,4,40,A,Z,181,7,2026-04-01T13:02:31.000Z,2026-04-01T13:02:31.000Z
5a689b2e0b4e442f93300725,P69,Sharp Doormat 4794,cat69,S16,1069,136364,195159,62,38,7,16,A,Z,7,8,2026-03-31T12:44:31.000Z,2026-03-31T12:44:31.000Z
26c95e9576b1408595f0edf3,P70,Havells Clock 7567,cat70,S19,1070,68932,88475,204,34,12,24,B,Z,22,3,2026-03-27T18:27:31.000Z,2026-03-27T18:27:31.000Z
48c1712886014ee8b77f2b2f,P71,TP-Link Watch 7509,cat71,S17,1071,76596,113920,9,32,12,24,A,X,141,5,2026-03-29T09:34:31.000Z,2026-03-29T09:34:31.000Z
a6d61e2903f849d5a8a1938d,P72,Panasonic Shoes 1537,cat72,S15,1072,121623,163350,117,49,6,12,B,X,73,6,2026-03-30T03:10:31.000Z,2026-03-30T03:10:31.000Z
610222823c3440348383656a,P73,Sharp Sandals 2609,cat73,S7,1073,107874,121671,210,47,13,20,B,X,98,1,2026-03-29T19:09:31.000Z,2026-03-29T19:09:31.000Z
d4b6ae818d894af19525138d,P74,Black & Decker Slippers 9864,cat74,S9,1074,46021,68276,289,8,1,17,A,Z,194,9,2026-03-30T03:29:31.000Z,2026-03-30T03:29:31.000Z
2534ff8b132649f59127acac,P75,Bosch T-Shirt 5135,cat75,S5,1075,130213,177533,261,26,9,20,C,Y,124,4,2026-04-03T13:50:31.000Z,2026-04-03T13:50:31.000Z
b7b945bb1fbf4632984fa9ec,P76,Prestige Shirt 3745,cat76,S3,1076,96292,112707,134,14,8,15,C,Y,50,5,2026-04-03T11:01:31.000Z,2026-04-03T11:01:31.000Z
5005b312eab94a0e9369cbfe,P77,D-Link Jeans 3686,cat77,S4,1077,104800,153868,357,25,2,31,A,X,37,6,2026-04-03T00:04:31.000Z,2026-04-03T00:04:31.000Z
3959e306115541139761f087,P78,TP-Link Jacket 7104,cat78,S11,1078,114034,152844,153,15,1,53,B,Y,107,4,2026-03-29T12:39:31.000Z,2026-03-29T12:39:31.000Z
b132e73ee6774f5494dc60f0,P79,Philips Sweater 3105,cat79,S11,1079,40955,47923,28,20,14,16,C,Z,13,3,2026-04-01T10:08:31.000Z,2026-04-01T10:08:31.000Z
b86bcbaee509471282af66fd,P80,Kent Shorts 8690,cat80,S8,1080,18532,22340,265,27,8,59,B,Y,108,6,2026-03-30T15:05:31.000Z,2026-03-30T15:05:31.000Z
4d7afc73ea24435780eaff72,P81,Usha Cap 9636,cat81,S20,1081,148954,165833,90,33,7,24,C,Z,192,4,2026-03-29T12:57:31.000Z,2026-03-29T12:57:31.000Z
c427f639d2a84d6880a6adfe,P82,Panasonic Hat 9424,cat82,S7,1082,75136,90544,499,8,10,14,C,Y,72,10,2026-03-31T21:07:31.000Z,2026-03-31T21:07:31.000Z
910d2a5519994925b90e5084,P83,D-Link Bag 2320,cat83,S19,1083,49533,58913,271,8,3,60,C,Y,29,5,2026-04-01T11:51:31.000Z,2026-04-01T11:51:31.000Z
52b8e8a7e284469fbc1e10ec,P84,Logitech Backpack 8938,cat84,S14,1084,54492,63322,263,20,7,56,A,Z,109,8,2026-03-31T21:21:31.000Z,2026-03-31T21:21:31.000Z
a874753e108f4683b08fd2ff,P85,Havells Suitcase 3354,cat85,S3,1085,47462,66668,291,43,8,15,B,X,151,5,2026-04-01T05:00:31.000Z,2026-04-01T05:00:31.000Z
7986ce3435544964a1a5c730,P86,Usha Wallet 2376,cat86,S8,1086,119816,155772,63,43,12,55,C,Y,182,4,2026-04-03T06:27:31.000Z,2026-04-03T06:27:31.000Z
c10d75e3995947a3aa70418e,P87,Logitech Belt 7676,cat87,S13,1087,7686,10689,189,39,6,46,A,Y,128,6,2026-03-29T15:20:31.000Z,2026-03-29T15:20:31.000Z
16de7d0a04e54b94a8bfa6d6,P88,Black & Decker Sunglasses 7941,cat88,S16,1088,43494,57301,51,20,7,45,C,Y,10,9,2026-03-29T22:18:31.000Z,2026-03-29T22:18:31.000Z
0124aef594f9440fb975576e,P89,Kent Perfume 2338,cat89,S20,1089,61599,83391,314,27,12,40,A,Y,123,3,2026-03-30T07:45:31.000Z,2026-03-30T07:45:31.000Z
cf7d9c0e294c421a86a9172c,P90,Bosch Deodorant 3292,cat90,S15,1090,147405,194523,316,38,4,26,A,Z,200,10,2026-03-30T23:34:31.000Z,2026-03-30T23:34:31.000Z
e4131f8432f44422be06b169,P91,Eureka Forbes Shampoo 5931,cat91,S2,1091,34869,42993,195,25,8,47,A,Y,129,5,2026-03-28T16:01:31.000Z,2026-03-28T16:01:31.000Z
0a1e80ece1b24b50adde5707,P92,Havells Conditioner 4572,cat92,S13,1092,1768,2471,120,43,5,44,C,Y,41,2,2026-03-31T09:17:31.000Z,2026-03-31T09:17:31.000Z
faee303c733a464bbb90715e,P93,Kent Soap 5197,cat93,S9,1093,10029,11605,397,24,9,17,B,Y,197,7,2026-03-31T18:33:31.000Z,2026-03-31T18:33:31.000Z
abe4a2cf281b4764950ca390,P94,Kent Face Wash 5797,cat94,S3,1094,16685,20691,216,42,5,48,B,Y,123,10,2026-03-29T15:43:31.000Z,2026-03-29T15:43:31.000Z
6ee367d8fb634dcea70e3fcb,P95,Hitachi Cream 9645,cat95,S16,1095,54001,63913,399,29,8,56,B,Y,9,1,2026-03-28T18:31:31.000Z,2026-03-28T18:31:31.000Z
30f424b960274beb8beded30,P96,Usha Lotion 5337,cat96,S11,1096,102006,148652,244,6,7,52,A,Z,51,1,2026-03-31T21:50:31.000Z,2026-03-31T21:50:31.000Z
bf0427f427e6450786180e88,P97,Razer Toothpaste 1835,cat97,S5,1097,130213,144138,160,23,7,10,B,Y,117,9,2026-03-29T04:34:31.000Z,2026-03-29T04:34:31.000Z
96daadb95f5c43ef941c2c3e,P98,Eureka Forbes Toothbrush 1630,cat98,S2,1098,133625,166206,287,20,3,47,A,Y,120,4,2026-03-30T04:48:31.000Z,2026-03-30T04:48:31.000Z
fee00806408a4275ba500ab9,P99,Usha Razor 4068,cat99,S7,1099,40019,48589,164,15,6,43,A,X,40,5,2026-04-01T03:39:31.000Z,2026-04-01T03:39:31.000Z
18a22059b35d49349c350102,P100,Logitech Trimmer 409,cat100,S12,1100,48454,71765,395,9,14,31,A,Z,146,10,2026-04-03T04:04:31.000Z,2026-04-03T04:04:31.000Z
ece37b1848914ed8bf9af55e,P101,Bajaj Hair Dryer 1490,cat101,S11,1101,29672,43201,160,31,5,26,A,Z,185,3,2026-03-30T04:48:31.000Z,2026-03-30T04:48:31.000Z
18d89d6b395242bfacecda59,P102,Logitech Hair Straightener 3700,cat102,S10,1102,50703,69329,249,15,14,50,A,Z,169,4,2026-03-30T22:59:31.000Z,2026-03-30T22:59:31.000Z
66f2b14640454e37baa20843,P103,Bosch Makeup Kit 5038,cat103,S10,1103,65719,83437,210,36,11,53,A,Y,33,3,2026-03-27T22:47:31.000Z,2026-03-27T22:47:31.000Z
8b94dac62a5f47d9839f40da,P104,D-Link Lipstick 7306,cat104,S2,1104,13478,16522,135,34,12,30,B,Z,194,6,2026-04-03T10:38:31.000Z,2026-04-03T10:38:31.000Z
145b9458454240eea8cd1875,P105,Corsair Nail Polish 3646,cat105,S4,1105,142611,176096,337,20,7,55,A,X,147,2,2026-03-31T06:29:31.000Z,2026-03-31T06:29:31.000Z
4dde53fa5ca0489d8f7dd91d,P106,Razer Foundation 4206,cat106,S14,1106,63896,89455,24,5,5,20,C,Y,142,5,2026-03-31T17:43:31.000Z,2026-03-31T17:43:31.000Z
613771e26f864b86a11bad96,P107,Xiaomi Eyeliner 2128,cat107,S14,1107,138472,171636,390,15,9,34,B,Z,103,8,2026-04-02T16:44:31.000Z,2026-04-02T16:44:31.000Z
584ca67ed73343988a82b6e7,P108,Razer Blush 2908,cat108,S13,1108,24419,30672,194,40,6,49,A,Z,123,10,2026-03-27T19:47:31.000Z,2026-03-27T19:47:31.000Z
6266ec2f3ad64aa0a5162eb7,P109,Havells Comb 6114,cat109,S6,1109,8430,9918,338,33,6,59,B,X,136,5,2026-04-01T19:03:31.000Z,2026-04-01T19:03:31.000Z
95d3bb9eee424594812ea818,P110,Eureka Forbes Towel 8633,cat110,S12,1110,138531,170942,441,50,7,53,B,Y,188,4,2026-03-28T17:05:31.000Z,2026-03-28T17:05:31.000Z
06cae99257954bedb454998a,P111,Black & Decker Notebook 8109,cat111,S14,1111,103881,154500,346,7,3,23,C,Z,163,1,2026-03-29T16:46:31.000Z,2026-03-29T16:46:31.000Z
310561e06d9b421396fa55a9,P112,Havells Pen 2561,cat112,S10,1112,111834,149114,16,12,5,10,A,X,195,8,2026-04-02T05:49:31.000Z,2026-04-02T05:49:31.000Z
479bf1e874d5402ba2517525,P113,Bosch Pencil 7605,cat113,S12,1113,10889,15721,292,23,9,41,A,Y,80,7,2026-04-01T03:32:31.000Z,2026-04-01T03:32:31.000Z
8d85e7b133a841ffad2267a8,P114,Prestige Eraser 8786,cat114,S18,1114,35309,41963,280,10,8,29,A,Y,172,5,2026-04-03T00:49:31.000Z,2026-04-03T00:49:31.000Z
763f5e9c23b3421e81a004d2,P115,TP-Link Sharpener 5805,cat115,S2,1115,59462,74164,482,47,1,54,A,X,90,10,2026-04-03T04:28:31.000Z,2026-04-03T04:28:31.000Z
cbee23bfbbf047139c8fcab4,P116,Hitachi Marker 8681,cat116,S19,1116,33250,48773,15,50,11,17,B,X,97,6,2026-04-03T11:51:31.000Z,2026-04-03T11:51:31.000Z
a5f060d9a89f43648115a193,P117,Havells Highlighter 710,cat117,S17,1117,28926,33173,253,47,10,20,C,Y,46,1,2026-04-02T18:34:31.000Z,2026-04-02T18:34:31.000Z
1d6d2cd51e204664b3e8c6b2,P118,Logitech File Folder 5691,cat118,S5,1118,50356,60997,338,44,8,48,C,Y,136,4,2026-03-29T09:15:31.000Z,2026-03-29T09:15:31.000Z
c699b8f72dc541a49cd26311,P119,Razer Stapler 3686,cat119,S3,1119,18925,21349,264,48,5,42,C,X,100,7,2026-03-31T14:43:31.000Z,2026-03-31T14:43:31.000Z
1688587292e3496a8551886f,P120,Usha Glue 1186,cat120,S18,1120,36526,52378,114,27,10,10,B,Z,100,10,2026-03-27T22:00:31.000Z,2026-03-27T22:00:31.000Z
9b76733ac0164bba962b2885,P121,D-Link Calculator 4565,cat121,S6,1121,47470,54382,440,37,12,45,C,Z,36,8,2026-04-01T16:51:31.000Z,2026-04-01T16:51:31.000Z
250563377c9f4b3ebe603a79,P122,Usha Whiteboard 2264,cat122,S2,1122,125599,142327,31,19,9,32,B,Y,43,7,2026-03-29T15:30:31.000Z,2026-03-29T15:30:31.000Z
77671349d5124c08b29aa74e,P123,Prestige Blackboard 3223,cat123,S20,1123,66708,98175,413,18,3,22,B,X,125,2,2026-04-01T17:51:31.000Z,2026-04-01T17:51:31.000Z
46e1de2634854a419f67d1fd,P124,Bosch Chalk 5101,cat124,S7,1124,32752,42575,300,50,3,40,B,Y,73,6,2026-03-27T20:48:31.000Z,2026-03-27T20:48:31.000Z
57f8f12b7a6049b2a7fa708a,P125,Prestige Duster 9712,cat125,S17,1125,40831,53989,456,21,14,37,A,Z,177,9,2026-04-02T10:12:31.000Z,2026-04-02T10:12:31.000Z
75d8f41cd4cd46b7a4f2556d,P126,Kent Printer Paper 6477,cat126,S4,1126,87923,110959,280,19,2,25,B,Z,170,3,2026-03-30T14:25:31.000Z,2026-03-30T14:25:31.000Z
61b6769023344ca8ac89181e,P127,D-Link Envelope 2304,cat127,S12,1127,143693,161264,359,46,9,15,A,Z,72,4,2026-03-29T00:52:31.000Z,2026-03-29T00:52:31.000Z
7dbe0bfe38894e1cbd1675d1,P128,Hitachi Diary 3176,cat128,S2,1128,86508,113487,135,32,12,22,C,X,15,3,2026-03-28T06:33:31.000Z,2026-03-28T06:33:31.000Z
ba8f2b94c66544828c82362e,P129,Hitachi Planner 8960,cat129,S16,1129,21750,25838,445,47,5,55,C,X,130,3,2026-03-29T16:39:31.000Z,2026-03-29T16:39:31.000Z
d892795973a642fb95292b14,P130,Prestige Calendar 7756,cat130,S9,1130,61566,91524,492,23,3,46,C,Y,144,5,2026-04-01T00:19:31.000Z,2026-04-01T00:19:31.000Z
fb7207407b814a5e8f19a22c,P131,Stanley Bottle 8310,cat131,S20,1131,51915,75521,263,34,8,26,A,Y,124,9,2026-03-29T05:15:31.000Z,2026-03-29T05:15:31.000Z
e2f2c284869b41ef9748ca24,P132,Razer Lunch Box 5422,cat132,S8,1132,94932,114861,286,28,6,49,B,Z,194,5,2026-03-28T21:48:31.000Z,2026-03-28T21:48:31.000Z
6baf17433e724ecca6b66c8c,P133,TP-Link Thermos 8277,cat133,S18,1133,135930,198336,189,29,10,18,A,Y,200,4,2026-04-03T01:57:31.000Z,2026-04-03T01:57:31.000Z
e7b51d3250c14f8596c701de,P134,Black & Decker Plate 7914,cat134,S17,1134,73284,83847,269,27,7,42,B,X,75,10,2026-03-30T06:23:31.000Z,2026-03-30T06:23:31.000Z
030acbc364d24f93bd5f0fbf,P135,Corsair Bowl 8328,cat135,S17,1135,44209,59231,279,9,5,60,B,Z,126,10,2026-03-29T19:17:31.000Z,2026-03-29T19:17:31.000Z
0e08d4bb0b314ba1a348e274,P136,Havells Spoon 1585,cat136,S11,1136,81478,118816,366,33,4,42,B,Z,20,9,2026-03-31T21:54:31.000Z,2026-03-31T21:54:31.000Z
0d46ac309e4240ce863a14df,P137,TP-Link Fork 7887,cat137,S5,1137,124107,180223,17,35,8,13,C,X,96,10,2026-03-29T03:03:31.000Z,2026-03-29T03:03:31.000Z
6adc93561723483eacf6c8bb,P138,Xiaomi Knife 8326,cat138,S14,1138,13219,16145,184,16,6,56,C,Y,131,1,2026-03-31T02:53:31.000Z,2026-03-31T02:53:31.000Z
08005799968b4473be1d342a,P139,Logitech Pan 1171,cat139,S17,1139,139141,183212,77,14,14,35,C,X,142,6,2026-04-01T03:32:31.000Z,2026-04-01T03:32:31.000Z
a01c0af024fc4d2fbde62aa7,P140,Kent Kettle 7781,cat140,S6,1140,26599,30384,271,36,5,34,B,Y,95,2,2026-03-27T17:38:31.000Z,2026-03-27T17:38:31.000Z
6425adb3e14b42cf8f2af476,P141,Black & Decker Cooker 3876,cat141,S10,1141,133031,169036,18,14,8,19,C,Y,152,1,2026-04-02T11:03:31.000Z,2026-04-02T11:03:31.000Z
41a05a93287d461ba380ae85,P142,Logitech Gas Stove 2816,cat142,S12,1142,105758,120697,218,38,8,56,B,Z,134,4,2026-04-01T23:50:31.000Z,2026-04-01T23:50:31.000Z
abe7acde51db4f1f8993af6b,P143,Havells Induction Cooktop 1510,cat143,S1,1143,6981,10399,32,38,3,44,A,X,77,10,2026-03-28T08:43:31.000Z,2026-03-28T08:43:31.000Z
affd11be10a64ee2a5c9d594,P144,Black & Decker Chimney 6183,cat144,S17,1144,125322,173922,121,8,9,31,C,Y,19,6,2026-04-02T12:15:31.000Z,2026-04-02T12:15:31.000Z
d78922f86c3049c08bed8acd,P145,Usha Water Bottle 6176,cat145,S13,1145,21543,27570,227,17,4,48,B,Z,97,9,2026-03-28T11:28:31.000Z,2026-03-28T11:28:31.000Z
6f36ffd41ed34078893e0708,P146,Usha Juicer 614,cat146,S14,1146,106630,143472,116,25,6,19,C,Z,171,2,2026-04-03T01:47:31.000Z,2026-04-03T01:47:31.000Z
fbc4cfbbb14f453db153fde1,P147,Hitachi Coffee Maker 7982,cat147,S15,1147,16204,21065,492,19,11,53,A,Y,66,4,2026-03-30T16:02:31.000Z,2026-03-30T16:02:31.000Z
04b8125a969a40b9881114c3,P148,Bajaj Tea Maker 3107,cat148,S10,1148,68339,84247,102,12,1,60,A,Z,197,8,2026-03-30T17:11:31.000Z,2026-03-30T17:11:31.000Z
989aa8b410914864a3f5f545,P149,Philips Ice Maker 980,cat149,S14,1149,10694,12041,97,20,14,51,C,Z,122,3,2026-04-03T07:04:31.000Z,2026-04-03T07:04:31.000Z
2e0db3c5d55641ceabf8a021,P150,Xiaomi Grill 1301,cat150,S18,1150,129478,160896,91,17,2,23,C,X,54,9,2026-04-02T23:47:31.000Z,2026-04-02T23:47:31.000Z
1964c0782c454a89b8183321,P151,Bosch Bike 3202,cat151,S9,1151,129230,182019,444,8,5,49,C,X,100,8,2026-03-31T21:43:31.000Z,2026-03-31T21:43:31.000Z
122c642dc9dc4a0abdcae368,P152,Logitech Scooter 9995,cat152,S19,1152,30154,38108,341,5,1,35,B,Z,181,8,2026-03-27T21:20:31.000Z,2026-03-27T21:20:31.000Z
2f397a633c5140ef93a05352,P153,Sharp Car 3578,cat153,S15,1153,139350,171527,84,19,10,17,C,Z,178,7,2026-03-29T17:14:31.000Z,2026-03-29T17:14:31.000Z
d264be7b469a464ba77a9972,P154,Bosch Helmet 3842,cat154,S7,1154,97884,119954,185,37,11,36,B,Z,43,1,2026-04-03T15:27:31.000Z,2026-04-03T15:27:31.000Z
6aab37ceb8d54718b28ba231,P155,Black & Decker Tyre 4307,cat155,S4,1155,42621,53675,113,13,7,45,C,X,101,7,2026-03-29T15:39:31.000Z,2026-03-29T15:39:31.000Z
6ad14162ed0143938c7f1f47,P156,Usha Car Battery 1502,cat156,S9,1156,96740,123443,305,20,13,48,A,Z,51,10,2026-03-29T17:30:31.000Z,2026-03-29T17:30:31.000Z
b23e3e22300b4d198dfc6982,P157,Prestige Car Charger 491,cat157,S17,1157,126821,145307,425,50,12,13,C,Z,27,2,2026-04-03T13:51:31.000Z,2026-04-03T13:51:31.000Z
3f5b4260003e4f5fb776d3d7,P158,Hitachi Car Cover 2493,cat158,S1,1158,45878,55459,111,8,5,25,C,X,28,6,2026-04-01T09:53:31.000Z,2026-04-01T09:53:31.000Z
90720a2f9c8f4132ac959c3c,P159,Usha Seat Cover 5299,cat159,S18,1159,25919,28719,297,49,12,23,B,Y,84,7,2026-03-30T19:46:31.000Z,2026-03-30T19:46:31.000Z
be5bbea820f8476e8f071881,P160,Sharp Wiper 2877,cat160,S19,1160,32025,38542,313,41,8,55,C,Z,27,4,2026-03-28T06:17:31.000Z,2026-03-28T06:17:31.000Z
354a7b653fa94fdcb5c102a6,P161,Bajaj Engine Oil 5668,cat161,S6,1161,72295,90414,328,13,4,11,C,X,58,1,2026-04-02T08:16:31.000Z,2026-04-02T08:16:31.000Z
de40748c14044260a523493b,P162,Corsair Brake Oil 7332,cat162,S17,1162,46407,60589,167,8,10,21,B,X,176,10,2026-03-28T15:49:31.000Z,2026-03-28T15:49:31.000Z
5895ce063329441aa9842751,P163,Philips Coolant 1548,cat163,S8,1163,90099,122427,393,48,6,53,B,X,126,10,2026-04-01T08:52:31.000Z,2026-04-01T08:52:31.000Z
7592e8c468754aada0c1e4b9,P164,Black & Decker Toolkit 7183,cat164,S6,1164,48182,59767,472,20,2,29,C,X,151,5,2026-03-30T01:04:31.000Z,2026-03-30T01:04:31.000Z
1e0026df9a88410ba0ab848c,P165,TP-Link Jack 4663,cat165,S6,1165,66073,77450,136,38,4,20,B,X,187,8,2026-03-30T11:25:31.000Z,2026-03-30T11:25:31.000Z
38218112767447e2865827e5,P166,Eureka Forbes Pump 4786,cat166,S7,1166,48633,64398,455,19,7,40,B,X,153,1,2026-04-03T14:11:31.000Z,2026-04-03T14:11:31.000Z
24812d2de7c246e58ab82900,P167,Prestige Torch 4409,cat167,S2,1167,43384,54206,93,47,13,29,C,X,133,3,2026-03-31T14:10:31.000Z,2026-03-31T14:10:31.000Z
544394adadba4e1e9a8bc45b,P168,Stanley Rope 5988,cat168,S20,1168,101588,115109,449,15,14,29,A,Z,189,3,2026-04-03T10:16:31.000Z,2026-04-03T10:16:31.000Z
41d7c64a66e944cba3f7ed20,P169,Bajaj Bucket 3098,cat169,S1,1169,56311,71557,387,6,1,57,C,Y,61,2,2026-03-29T17:08:31.000Z,2026-03-29T17:08:31.000Z
851c156457b4436d8b8bf4c3,P170,Bajaj Mug 4351,cat170,S2,1170,127973,174742,135,48,2,44,A,X,105,4,2026-03-27T18:54:31.000Z,2026-03-27T18:54:31.000Z
e4bad76c127549a99411f032,P171,Corsair Dustbin 4154,cat171,S3,1171,37155,42242,244,30,4,15,C,Y,149,2,2026-03-28T23:22:31.000Z,2026-03-28T23:22:31.000Z
49e56e1f7e1c4081afb9b41b,P172,Philips Cleaning Brush 2872,cat172,S10,1172,52661,77452,265,25,3,46,B,Z,8,4,2026-03-27T17:47:31.000Z,2026-03-27T17:47:31.000Z
d28b4ddf2b4f47c18da3e053,P173,Bajaj Mop 9302,cat173,S13,1173,15917,18885,68,43,3,17,A,Z,108,6,2026-04-03T14:01:31.000Z,2026-04-03T14:01:31.000Z
5773ba6f111844d19253b1dd,P174,Philips Detergent 395,cat174,S12,1174,81812,116054,79,38,1,47,A,X,184,1,2026-03-29T06:08:31.000Z,2026-03-29T06:08:31.000Z
23a7cdbfeda14f4299284327,P175,Stanley Floor Cleaner 5764,cat175,S19,1175,116277,157054,439,50,12,56,C,Y,32,8,2026-04-01T07:29:31.000Z,2026-04-01T07:29:31.000Z
50942a02c4644942aee08582,P176,Panasonic Glass Cleaner 5654,cat176,S19,1176,79751,100406,195,50,5,22,A,Y,92,1,2026-03-28T11:59:31.000Z,2026-03-28T11:59:31.000Z
402ac5dc0a234fd4b55c06c9,P177,Kent Room Freshener 6823,cat177,S10,1177,122262,157221,23,50,6,26,A,Y,29,10,2026-04-03T07:53:31.000Z,2026-04-03T07:53:31.000Z
887af4465bfb401d95b9c596,P178,Hitachi Insect Killer 514,cat178,S19,1178,80359,91481,235,34,5,23,C,Z,97,4,2026-03-31T22:40:31.000Z,2026-03-31T22:40:31.000Z
f174e7dae1ba41b5bbe0e258,P179,Bosch Pesticide 243,cat179,S13,1179,129085,145065,409,41,3,13,B,X,82,6,2026-03-30T10:23:31.000Z,2026-03-30T10:23:31.000Z
1ea878f64c674d01a6aab14c,P180,Xiaomi Garden Hose 4830,cat180,S3,1180,49247,56722,67,31,13,34,B,Z,155,10,2026-03-30T22:15:31.000Z,2026-03-30T22:15:31.000Z
7799447685864a5bbce2ee7f,P181,Bosch Plant Pot 4462,cat181,S6,1181,69863,78108,163,32,1,30,A,Y,124,3,2026-03-28T06:32:31.000Z,2026-03-28T06:32:31.000Z
1dffcc7e3cf8433580cf6568,P182,Usha Seeds 5843,cat182,S2,1182,109603,157082,433,25,4,11,A,Y,184,8,2026-03-28T02:19:31.000Z,2026-03-28T02:19:31.000Z
12804d07fc844e6d99dd7ecc,P183,Havells Fertilizer 5773,cat183,S7,1183,27198,39845,269,25,7,51,C,X,131,1,2026-04-02T22:24:31.000Z,2026-04-02T22:24:31.000Z
2607bdf25d35438baa89a3b9,P184,Prestige Shovel 3301,cat184,S17,1184,39555,46582,87,17,14,15,C,X,123,8,2026-03-29T21:42:31.000Z,2026-03-29T21:42:31.000Z
8fb3055b2d0a4974bbb5c099,P185,Hitachi Rake 6198,cat185,S12,1185,34391,41289,303,45,1,12,A,Y,170,9,2026-03-28T19:27:31.000Z,2026-03-28T19:27:31.000Z
ee71e85ad8804a39b47a522d,P186,Logitech Sprayer 2323,cat186,S9,1186,109815,152353,42,35,3,39,C,Z,63,5,2026-03-28T11:26:31.000Z,2026-03-28T11:26:31.000Z
46247ab758c84dd0b304a445,P187,Stanley Ladder 4557,cat187,S11,1187,143637,162524,76,6,5,38,A,Y,81,9,2026-04-02T11:29:31.000Z,2026-04-02T11:29:31.000Z
3010a510c3c24cb7ad2349f4,P188,Usha Tool Box 8882,cat188,S2,1188,45578,62987,339,16,4,27,B,Z,50,10,2026-03-28T11:18:31.000Z,2026-03-28T11:18:31.000Z
d98ffede51774601b23f7fd4,P189,Eureka Forbes Hammer 2494,cat189,S5,1189,109749,163536,264,35,5,26,B,Y,116,6,2026-03-29T19:45:31.000Z,2026-03-29T19:45:31.000Z
0e1072d6c5454d68b3260a43,P190,Black & Decker Screwdriver 4721,cat190,S8,1190,132243,163987,351,37,13,50,B,X,21,5,2026-04-02T17:13:31.000Z,2026-04-02T17:13:31.000Z
d4c329d6d4644038ad62ab6b,P191,Panasonic Drill Machine 3064,cat191,S17,1191,132138,187304,449,27,11,56,A,X,42,2,2026-03-31T21:51:31.000Z,2026-03-31T21:51:31.000Z
02254287c4ef458b8b20fea8,P192,Razer Saw 3643,cat192,S16,1192,65157,94175,374,8,2,34,A,Z,189,6,2026-03-30T02:09:31.000Z,2026-03-30T02:09:31.000Z
8097ebf164634164bfa8ad61,P193,Bosch Wrench 7114,cat193,S11,1193,88784,108583,470,41,7,38,A,Y,56,5,2026-03-30T12:06:31.000Z,2026-03-30T12:06:31.000Z
c6cf9a5b3b0c472c863b4f4c,P194,Panasonic Pliers 6678,cat194,S12,1194,124417,168173,199,12,6,37,B,X,128,2,2026-04-02T16:37:31.000Z,2026-04-02T16:37:31.000Z
cc691f1be88e46ea8c53f907,P195,Eureka Forbes Tape 3387,cat195,S17,1195,89696,113234,458,11,2,35,A,Y,55,5,2026-03-29T14:13:31.000Z,2026-03-29T14:13:31.000Z
61700ee1e4bc450687effed3,P196,Havells Measuring Tape 751,cat196,S3,1196,24855,31918,308,38,14,16,A,Y,146,10,2026-03-29T04:55:31.000Z,2026-03-29T04:55:31.000Z
cef0e922a1464a769485cd48,P197,Stanley Level Tool 5690,cat197,S14,1197,145619,214704,394,19,1,23,A,Z,92,9,2026-03-30T23:34:31.000Z,2026-03-30T23:34:31.000Z
b6a8a612da5c4d2790531d95,P198,Corsair Safety Gloves 3922,cat198,S4,1198,50904,66216,267,32,8,21,A,X,71,5,2026-04-03T14:16:31.000Z,2026-04-03T14:16:31.000Z
5136e2246a2a4c4f8c9f5438,P199,Black & Decker Helmet Gear 5966,cat199,S11,1199,93320,120240,177,44,13,40,A,Z,181,2,2026-03-31T18:59:31.000Z,2026-03-31T18:59:31.000Z
8226804bd2b0446b9b48215c,P200,Sharp Mask 9582,cat200,S3,1200,99767,133322,242,11,10,33,B,X,13,7,2026-03-28T09:21:31.000Z,2026-03-28T09:21:31.000Z
a651d8637b434bbca526428c,P201,Oppo Reno 10 Gen 10,cat1,S19,1201,25445,37537,421,49,5,33,C,X,27,7,2026-03-28T20:28:31.000Z,2026-03-28T20:28:31.000Z
a5e333b86a794cf594f905de,P202,Bosch Series 6 Gen 2,cat2,S9,1202,75116,85303,47,19,2,47,A,X,58,9,2026-04-01T04:08:31.000Z,2026-04-01T04:08:31.000Z
eff4c4c710134093b14e69e5,P203,Samsung Curd Maestro Gen 6,cat3,S16,1203,86729,121322,78,7,12,11,B,Z,69,3,2026-04-01T14:42:31.000Z,2026-04-01T14:42:31.000Z
c4d5130a2ca741eeaf6e5cde,P204,LG Dual Inverter Gen 3,cat4,S11,1204,31882,36766,26,35,13,41,C,Z,46,7,2026-04-03T12:11:31.000Z,2026-04-03T12:11:31.000Z
9ad417e86ab647199b7632b8,P205,Samsung QLED 4K Gen 2,cat5,S10,1205,139062,193213,405,11,5,55,C,Y,188,2,2026-03-31T05:47:31.000Z,2026-03-31T05:47:31.000Z
2f92b93fb0b9466e9a8d0111,P206,Usha Air Cooler 5555,cat6,S3,1206,22984,32583,363,29,5,23,C,X,74,3,2026-04-02T12:14:31.000Z,2026-04-02T12:14:31.000Z
704d8d3df2814871b984fd47,P207,Razer Blender 3997,cat7,S1,1207,57797,83877,499,42,8,43,C,Z,117,4,2026-04-02T08:17:31.000Z,2026-04-02T08:17:31.000Z
1d9743075451492aad145a04,P208,Dell Vostro 3510 Gen 2,cat8,S1,1208,9631,10904,485,10,7,34,C,Z,79,6,2026-03-31T13:24:31.000Z,2026-03-31T13:24:31.000Z
fddb4123d4b646328a5b8e68,P209,iPad Pro 11 inch Gen 8,cat9,S8,1209,62459,69476,193,5,13,36,B,X,195,5,2026-03-30T03:57:31.000Z,2026-03-30T03:57:31.000Z
b83b46ac4f624fa7a913240a,P210,Boat Rockerz 450 Gen 10,cat10,S20,1210,61284,76720,403,49,1,10,C,X,118,5,2026-04-02T04:09:31.000Z,2026-04-02T04:09:31.000Z
58a440337dd64b7680b960e3,P211,Amazfit GTR 4 Gen 2,cat11,S20,1211,81912,118745,258,13,11,34,C,Z,56,4,2026-03-28T20:26:31.000Z,2026-03-28T20:26:31.000Z
53430ff7820c44b3aa863e4d,P212,GoPro Hero 12 Black Gen 10,cat12,S15,1212,64509,72291,214,48,6,24,B,Y,71,5,2026-04-01T01:10:31.000Z,2026-04-01T01:10:31.000Z
fc893b50e05f4b6b8a5f982a,P213,HP LaserJet Pro Gen 3,cat13,S4,1213,114204,165371,461,11,11,24,C,Z,19,10,2026-04-02T22:43:31.000Z,2026-04-02T22:43:31.000Z
9e6899c035e54431a973376f,P214,Usha Scanner 4089,cat14,S8,1214,116031,165468,327,17,10,58,A,Y,123,7,2026-03-30T16:50:31.000Z,2026-03-30T16:50:31.000Z
64377c9813a94ac3af2b4774,P215,Philips Microwave 4576,cat15,S11,1215,59180,69241,167,11,13,35,C,Z,37,3,2026-04-01T22:15:31.000Z,2026-04-01T22:15:31.000Z
80df6bc711b54045bbf66c50,P216,Corsair Oven 9755,cat16,S16,1216,94997,119452,273,21,7,37,C,Z,137,3,2026-04-01T08:55:31.000Z,2026-04-01T08:55:31.000Z
e6aa05af5e6247ddac0a8fc9,P217,Logitech Toaster 1572,cat17,S12,1217,92748,103484,60,50,7,21,B,X,130,8,2026-03-31T11:50:31.000Z,2026-03-31T11:50:31.000Z
b86ccff01cdd41bba6fbb87d,P218,Havells Mixer Grinder 9465,cat18,S5,1218,100579,140156,348,48,12,45,B,X,170,9,2026-03-28T23:27:31.000Z,2026-03-28T23:27:31.000Z
9680f91ba6884f61aeb0e695,P219,Black & Decker Water Purifier 5140,cat19,S17,1219,30889,44541,184,50,13,15,A,X,4,7,2026-03-28T15:06:31.000Z,2026-03-28T15:06:31.000Z
a38cd60da7144ac4967ab27c,P220,Bosch Geyser 4545,cat20,S3,1220,147376,190230,337,9,9,29,C,X,44,8,2026-03-28T15:26:31.000Z,2026-03-28T15:26:31.000Z
5494b9180c3a40538b1f3f50,P221,Bajaj Fan 2710,cat21,S15,1221,45627,50418,393,39,4,29,B,X,81,6,2026-04-01T17:10:31.000Z,2026-04-01T17:10:31.000Z
767a8419da794f818663da42,P222,Black & Decker Heater 963,cat22,S2,1222,75801,108709,68,19,3,25,C,Z,19,3,2026-03-27T19:58:31.000Z,2026-03-27T19:58:31.000Z
52d85f7f97fa43c69c78deeb,P223,Corsair Iron 8602,cat23,S6,1223,20947,25703,500,48,1,26,C,Y,198,8,2026-04-03T07:27:31.000Z,2026-04-03T07:27:31.000Z
4d47a8a696e941ffb7427816,P224,Usha Vacuum Cleaner 6429,cat24,S2,1224,121373,158179,110,26,4,43,A,X,67,9,2026-03-31T06:46:31.000Z,2026-03-31T06:46:31.000Z
c1dce9984cc3493f9264771d,P225,Eureka Forbes Dishwasher 9107,cat25,S12,1225,126437,176761,127,50,10,56,A,Y,19,9,2026-04-02T09:48:31.000Z,2026-04-02T09:48:31.000Z
01b3df49bd1d446d8bfee338,P226,Eureka Forbes Router 758,cat26,S18,1226,103220,151639,115,47,11,43,C,Y,146,6,2026-04-02T04:18:31.000Z,2026-04-02T04:18:31.000Z
601c0c012d644d7f811e98c0,P227,Stanley Modem 2488,cat27,S3,1227,69975,102365,180,5,5,31,A,Z,91,1,2026-04-02T02:07:31.000Z,2026-04-02T02:07:31.000Z
e93499444a0e4f93a0627dab,P228,Kent Speaker 2323,cat28,S2,1228,50189,68885,468,32,9,35,C,Y,73,10,2026-04-01T13:57:31.000Z,2026-04-01T13:57:31.000Z
e7c1662b7ab54d7985d91eab,P229,Eureka Forbes Soundbar 702,cat29,S7,1229,22316,32606,386,50,13,32,A,Z,75,10,2026-03-31T15:38:31.000Z,2026-03-31T15:38:31.000Z
de5821f032c84ceb962b32a6,P230,Stanley Projector 6466,cat30,S9,1230,9069,11483,393,22,7,56,C,Z,94,1,2026-04-03T11:28:31.000Z,2026-04-03T11:28:31.000Z
30089dd0c4074fd686f156c3,P231,Havells Gaming Console 7626,cat31,S9,1231,26307,31045,381,24,13,41,C,Z,41,1,2026-04-02T23:29:31.000Z,2026-04-02T23:29:31.000Z
b40ddbef6a5e4a11b0936dcd,P232,Philips Keyboard 1353,cat32,S2,1232,16557,24148,212,37,2,31,B,X,199,2,2026-03-30T08:49:31.000Z,2026-03-30T08:49:31.000Z
ad54f40b41084fa1aaeaec48,P233,Bajaj Mouse 8421,cat33,S7,1233,87272,113997,321,26,13,25,C,Y,71,7,2026-03-30T02:24:31.000Z,2026-03-30T02:24:31.000Z
e593f7140102442c9b65ce06,P234,Bosch Monitor 2848,cat34,S6,1234,52979,62882,168,48,14,22,C,Y,129,7,2026-03-29T17:41:31.000Z,2026-03-29T17:41:31.000Z
5dc33b0853fb4caabc7735e5,P235,Logitech Hard Drive 6313,cat35,S13,1235,29683,38188,348,22,12,24,A,X,168,5,2026-04-03T08:42:31.000Z,2026-04-03T08:42:31.000Z
abf59069bffb43ee9eded6c4,P236,Bosch SSD 5590,cat36,S13,1236,74449,105834,498,12,13,52,A,Z,49,2,2026-03-28T22:25:31.000Z,2026-03-28T22:25:31.000Z
6e142ede9b7e400fa1ca48c8,P237,Philips Pendrive 7416,cat37,S20,1237,37556,47122,483,9,4,32,B,Z,194,5,2026-03-29T22:24:31.000Z,2026-03-29T22:24:31.000Z
73a6c43bb364488dba029abd,P238,Bajaj Power Bank 5342,cat38,S3,1238,103180,149146,457,41,6,45,A,Z,174,1,2026-03-31T17:47:31.000Z,2026-03-31T17:47:31.000Z
f1935f54c67746f6b9101eb1,P239,Hitachi Charger 6798,cat39,S17,1239,134769,174660,9,36,12,11,A,Z,78,4,2026-03-31T03:26:31.000Z,2026-03-31T03:26:31.000Z
ee37457d271f4cf19fa34052,P240,Razer Extension Board 1305,cat40,S10,1240,106185,129602,7,24,8,46,B,Z,69,8,2026-03-27T17:45:31.000Z,2026-03-27T17:45:31.000Z
836c939ae21d4a949145d7cc,P241,Corsair Inverter 4020,cat41,S6,1241,136143,195877,239,44,13,19,C,Z,22,10,2026-03-29T19:48:31.000Z,2026-03-29T19:48:31.000Z
d0f263a56f824d308dc708b3,P242,Logitech Battery 3369,cat42,S5,1242,61839,89117,23,18,13,58,B,Z,46,4,2026-04-02T22:25:31.000Z,2026-04-02T22:25:31.000Z
991ca95f728e4f108b73b7a0,P243,Black & Decker Solar Panel 9210,cat43,S4,1243,114383,156582,268,20,10,57,A,Y,74,5,2026-04-01T09:45:31.000Z,2026-04-01T09:45:31.000Z
0a74c17cffcb47b2a60a7953,P244,Xiaomi LED Bulb 5899,cat44,S15,1244,107699,125916,111,39,10,58,B,Z,167,6,2026-04-01T17:22:31.000Z,2026-04-01T17:22:31.000Z
f1c12ad6bf78402bad617436,P245,Kent Tube Light 7499,cat45,S14,1245,131718,154145,389,21,12,29,C,Z,47,2,2026-03-30T04:11:31.000Z,2026-03-30T04:11:31.000Z
710b0a59484a4f608a330b5a,P246,Stanley Ceiling Light 3926,cat46,S2,1246,91741,109691,27,38,2,45,A,Z,177,4,2026-03-28T16:17:31.000Z,2026-03-28T16:17:31.000Z
cb86fb2b2deb48b890a6b4b6,P247,Havells Wall Light 8899,cat47,S16,1247,107910,128844,30,30,1,54,B,Y,141,8,2026-03-31T22:49:31.000Z,2026-03-31T22:49:31.000Z
1d0d86332050413fafd12ee8,P248,Prestige Table Lamp 1673,cat48,S6,1248,23126,32328,15,7,14,37,B,Y,196,5,2026-03-31T14:09:31.000Z,2026-03-31T14:09:31.000Z
d0eea325bf0e423394a2683a,P249,Xiaomi Emergency Light 7507,cat49,S7,1249,73401,92220,337,6,6,15,C,Z,157,1,2026-04-02T16:03:31.000Z,2026-04-02T16:03:31.000Z
b2a46f13d3464958a851a093,P250,Xiaomi CCTV Camera 2036,cat50,S3,1250,52940,63213,261,50,11,11,C,Y,38,8,2026-03-30T13:58:31.000Z,2026-03-30T13:58:31.000Z
ab253fb95aad4f2d8d05c265,P251,Black & Decker Door Lock 3931,cat51,S11,1251,48622,63931,370,43,1,53,A,X,86,2,2026-03-31T17:28:31.000Z,2026-03-31T17:28:31.000Z
3f9839bd91244af4aa5af7b2,P252,Hitachi Smart Lock 2722,cat52,S6,1252,96947,130590,64,39,13,54,B,X,125,8,2026-04-03T13:15:31.000Z,2026-04-03T13:15:31.000Z
c0e1c7ccaa2e4363a3d93c38,P253,Black & Decker Doorbell 6137,cat53,S15,1253,30359,34189,143,19,1,51,B,Y,46,6,2026-04-02T21:21:31.000Z,2026-04-02T21:21:31.000Z
6099b02579c147f5b6f56b57,P254,Black & Decker Curtains 8404,cat54,S4,1254,109276,160790,54,35,13,18,B,Z,162,9,2026-04-02T21:05:31.000Z,2026-04-02T21:05:31.000Z
9e3fcd15b67343cdb4cf08ae,P255,Eureka Forbes Sofa 8100,cat55,S2,1255,88415,105173,276,50,8,25,B,Z,158,8,2026-04-01T12:03:31.000Z,2026-04-01T12:03:31.000Z
29f6101a2d6a46e1aac02c70,P256,Panasonic Bed 2816,cat56,S12,1256,45061,56628,42,49,10,26,B,Y,147,4,2026-04-01T14:28:31.000Z,2026-04-01T14:28:31.000Z
9203a99ecb6b4f5cb6f37c73,P257,Black & Decker Mattress 8527,cat57,S19,1257,105055,122050,135,30,11,53,C,X,77,4,2026-03-31T09:56:31.000Z,2026-03-31T09:56:31.000Z
14afec945dca4927b26d395c,P258,Prestige Pillow 1015,cat58,S4,1258,25091,31802,405,26,8,33,B,X,156,1,2026-04-01T18:55:31.000Z,2026-04-01T18:55:31.000Z
5399987a0d07426082027b14,P259,Bosch Blanket 4906,cat59,S2,1259,34685,50865,406,26,8,23,A,X,172,2,2026-04-02T16:04:31.000Z,2026-04-02T16:04:31.000Z
d27ff21494b04b54b4d7b173,P260,Panasonic Wardrobe 376,cat60,S9,1260,32275,38663,170,30,8,18,C,X,77,5,2026-04-01T11:23:31.000Z,2026-04-01T11:23:31.000Z
c227c2befb1c45ae835d2479,P261,Logitech Dining Table 7588,cat61,S3,1261,31047,36923,274,20,3,33,C,X,148,10,2026-03-31T06:41:31.000Z,2026-03-31T06:41:31.000Z
ed3b0830fb8244f180d108e7,P262,Havells Chair 7539,cat62,S3,1262,2501,3089,140,23,8,59,A,X,103,4,2026-04-02T21:30:31.000Z,2026-04-02T21:30:31.000Z
8c8595992dec469b9b523702,P263,Hitachi Study Table 7167,cat63,S4,1263,49230,68063,90,6,5,60,C,Z,146,8,2026-03-30T05:25:31.000Z,2026-03-30T05:25:31.000Z
67541c5f165f493eb3af9ad2,P264,Prestige Bookshelf 7678,cat64,S19,1264,55420,70447,456,37,13,44,B,Y,14,1,2026-04-02T03:33:31.000Z,2026-04-02T03:33:31.000Z
ee7acb43a6434c1abfc9f276,P265,Philips Cupboard 3418,cat65,S16,1265,27846,35060,389,25,8,11,C,X,159,6,2026-03-29T00:03:31.000Z,2026-03-29T00:03:31.000Z
c2f572034d744c4984bb2eab,P266,Usha Dressing Table 1211,cat66,S17,1266,36069,40440,164,48,11,52,A,Y,51,7,2026-03-31T16:19:31.000Z,2026-03-31T16:19:31.000Z
5e4a1371996e4dfdaa73e81f,P267,Bosch Mirror 2709,cat67,S13,1267,35638,45316,58,40,13,47,C,X,95,4,2026-03-28T07:19:31.000Z,2026-03-28T07:19:31.000Z
fbbb2aba584b4ae6af9acd5c,P268,Philips Carpet 5279,cat68,S2,1268,15516,19787,117,31,3,20,B,Z,73,7,2026-03-31T05:55:31.000Z,2026-03-31T05:55:31.000Z
b486e5e1d8b9451392b192bd,P269,Kent Doormat 7366,cat69,S17,1269,36124,53678,102,28,5,30,B,Z,70,3,2026-03-31T08:20:31.000Z,2026-03-31T08:20:31.000Z
03147b04099646c5999a92de,P270,Bosch Clock 159,cat70,S6,1270,89833,127172,232,26,3,26,A,Z,55,8,2026-03-28T01:15:31.000Z,2026-03-28T01:15:31.000Z
420a5688d3d84a2a86cd4639,P271,Logitech Watch 1637,cat71,S3,1271,26176,38539,422,5,6,12,C,Y,161,2,2026-04-03T03:01:31.000Z,2026-04-03T03:01:31.000Z
5c599c52a8d545ba92f8e5fb,P272,D-Link Shoes 4622,cat72,S14,1272,11963,13318,34,13,11,24,B,Z,190,4,2026-04-03T06:42:31.000Z,2026-04-03T06:42:31.000Z
bf7b5d42f6ae4409b343c5ec,P273,Stanley Sandals 7987,cat73,S1,1273,123910,184110,48,23,1,33,B,Y,77,9,2026-03-30T21:53:31.000Z,2026-03-30T21:53:31.000Z
5a1d4ac0010d4b81ba6a2108,P274,Hitachi Slippers 9690,cat74,S19,1274,60455,67179,70,7,9,28,A,Z,5,3,2026-03-31T23:02:31.000Z,2026-03-31T23:02:31.000Z
95153d3853b046229f12686e,P275,Prestige T-Shirt 6849,cat75,S11,1275,9485,12541,452,41,13,22,B,X,26,8,2026-03-28T14:45:31.000Z,2026-03-28T14:45:31.000Z
76c4e0c9e45e4ae79d57f057,P276,Philips Shirt 6467,cat76,S2,1276,41579,57294,14,37,12,24,C,Z,13,10,2026-03-28T04:17:31.000Z,2026-03-28T04:17:31.000Z
f8eb5424a11c491a98a59a75,P277,Kent Jeans 9433,cat77,S17,1277,138681,199785,53,29,10,24,B,X,71,6,2026-03-31T14:22:31.000Z,2026-03-31T14:22:31.000Z
359a145ae2b94d2aa5af3153,P278,Black & Decker Jacket 541,cat78,S5,1278,135570,181551,494,6,13,41,A,Z,163,10,2026-03-28T14:11:31.000Z,2026-03-28T14:11:31.000Z
d9a6c36d0163486593f3d7fa,P279,Bajaj Sweater 233,cat79,S13,1279,123454,147613,459,15,11,31,B,Y,56,10,2026-04-01T11:55:31.000Z,2026-04-01T11:55:31.000Z
d5bb4e3cdb074d03a745bd86,P280,Stanley Shorts 8761,cat80,S19,1280,101115,137860,281,46,8,30,A,X,63,9,2026-04-03T06:10:31.000Z,2026-04-03T06:10:31.000Z
af6ad97873e34206a4a70fd3,P281,Sharp Cap 4700,cat81,S9,1281,4262,6149,420,32,12,48,A,Z,186,3,2026-03-28T20:34:31.000Z,2026-03-28T20:34:31.000Z
19e324b9bd8c48569bdd85d4,P282,Eureka Forbes Hat 2326,cat82,S15,1282,77393,112780,15,34,8,43,B,Z,126,3,2026-03-31T22:13:31.000Z,2026-03-31T22:13:31.000Z
5722a90723224be9a750f941,P283,Panasonic Bag 8276,cat83,S11,1283,117972,175765,191,19,12,39,B,X,8,1,2026-04-02T09:31:31.000Z,2026-04-02T09:31:31.000Z
27e7e2ad9255440ab0a3fc24,P284,Sharp Backpack 9649,cat84,S19,1284,72021,103552,491,48,9,43,C,Z,197,8,2026-04-03T10:59:31.000Z,2026-04-03T10:59:31.000Z
c56ac338cbb447408602af27,P285,Prestige Suitcase 280,cat85,S5,1285,69030,97298,112,34,5,15,A,Y,137,1,2026-03-27T16:58:31.000Z,2026-03-27T16:58:31.000Z
f8f416ce201f491388bfde1d,P286,Xiaomi Wallet 1899,cat86,S14,1286,47753,56778,322,18,10,20,C,Z,133,5,2026-04-03T06:01:31.000Z,2026-04-03T06:01:31.000Z
be611cb4187f4643a8e5924d,P287,Prestige Belt 8553,cat87,S3,1287,59647,75543,235,43,2,29,A,Z,114,9,2026-03-29T13:46:31.000Z,2026-03-29T13:46:31.000Z
1df2a55bfca94eb7bd2d8782,P288,Corsair Sunglasses 9462,cat88,S16,1288,92128,111293,244,15,10,56,B,X,47,10,2026-04-01T21:53:31.000Z,2026-04-01T21:53:31.000Z
81c37d632fa043fa93b4ecd0,P289,Black & Decker Perfume 7231,cat89,S7,1289,3042,4418,255,22,3,27,A,Y,7,8,2026-03-27T19:52:31.000Z,2026-03-27T19:52:31.000Z
23d761647981486e9b3ac20e,P290,TP-Link Deodorant 1697,cat90,S11,1290,13435,19145,335,37,14,37,C,Z,60,8,2026-03-29T01:22:31.000Z,2026-03-29T01:22:31.000Z
4567a8df5fe84ff385d2ceff,P291,Eureka Forbes Shampoo 9956,cat91,S3,1291,60358,87466,296,26,6,42,B,Y,16,6,2026-04-03T06:43:31.000Z,2026-04-03T06:43:31.000Z
5733836de975445ab128bde8,P292,Razer Conditioner 5430,cat92,S3,1292,91806,124931,210,25,13,32,B,Z,69,2,2026-03-31T20:23:31.000Z,2026-03-31T20:23:31.000Z
b58613e00fb04432937a33a4,P293,D-Link Soap 6269,cat93,S17,1293,34431,49621,254,24,14,57,A,X,61,3,2026-03-31T08:33:31.000Z,2026-03-31T08:33:31.000Z
32e4a7e2ad554f3dab3d0c38,P294,Bajaj Face Wash 4093,cat94,S16,1294,83068,102287,229,9,1,18,B,X,57,6,2026-03-29T12:12:31.000Z,2026-03-29T12:12:31.000Z
a710bfb265aa45f191cbda6f,P295,Philips Cream 5033,cat95,S1,1295,143470,164032,201,46,8,28,B,X,23,8,2026-04-01T18:19:31.000Z,2026-04-01T18:19:31.000Z
bb719569cf314438a0fcc8d4,P296,Xiaomi Lotion 3198,cat96,S12,1296,115626,151639,298,45,1,18,C,X,165,6,2026-03-30T03:36:31.000Z,2026-03-30T03:36:31.000Z
ad00d0fc50b1435b9f034769,P297,Razer Toothpaste 6851,cat97,S15,1297,126184,188288,333,23,13,32,B,Z,134,6,2026-04-02T07:13:31.000Z,2026-04-02T07:13:31.000Z
f0269996e63f432192aa2f86,P298,Prestige Toothbrush 4275,cat98,S5,1298,8701,11426,493,40,12,33,A,X,35,1,2026-04-02T15:27:31.000Z,2026-04-02T15:27:31.000Z
8c0e83d3b78d4786bf3a73d7,P299,TP-Link Razor 560,cat99,S3,1299,84001,124540,476,20,4,39,C,X,2,5,2026-03-30T08:40:31.000Z,2026-03-30T08:40:31.000Z
427c84f936814cbbb8d631bd,P300,Logitech Trimmer 4472,cat100,S7,1300,29331,43744,200,8,11,26,C,Y,162,5,2026-03-28T13:41:31.000Z,2026-03-28T13:41:31.000Z
7b296c1082fc4dee9531d63c,P301,Black & Decker Hair Dryer 2675,cat101,S10,1301,23650,33530,72,22,13,20,C,Y,60,4,2026-04-03T07:34:31.000Z,2026-04-03T07:34:31.000Z
8c3e47c20d4f49739bdce762,P302,Sharp Hair Straightener 203,cat102,S11,1302,97496,113446,481,47,13,16,A,Z,93,10,2026-04-02T03:07:31.000Z,2026-04-02T03:07:31.000Z
8e6456c43ad84c67b9c07760,P303,Usha Makeup Kit 2399,cat103,S2,1303,17864,25000,224,30,5,40,B,Y,51,2,2026-04-01T23:21:31.000Z,2026-04-01T23:21:31.000Z
d5dec53857b94722839eb3e4,P304,Philips Lipstick 4643,cat104,S8,1304,12211,16005,319,37,14,27,B,Y,195,3,2026-04-02T23:21:31.000Z,2026-04-02T23:21:31.000Z
0723ad49128c43739e713696,P305,Black & Decker Nail Polish 5597,cat105,S15,1305,14903,20551,237,20,7,18,C,X,200,10,2026-03-30T06:46:31.000Z,2026-03-30T06:46:31.000Z
a6f01525d4434ae58a6b3152,P306,Bosch Foundation 9825,cat106,S20,1306,76679,100230,359,28,14,41,B,Z,111,8,2026-04-02T10:46:31.000Z,2026-04-02T10:46:31.000Z
a86ee549df8b46e48af91299,P307,Xiaomi Eyeliner 9519,cat107,S7,1307,125372,176915,322,28,4,18,B,Y,24,8,2026-03-31T16:52:31.000Z,2026-03-31T16:52:31.000Z
21cb4e67ce844890bf581dee,P308,Prestige Blush 4132,cat108,S9,1308,33312,43485,84,19,2,30,B,Y,64,6,2026-04-02T23:13:31.000Z,2026-04-02T23:13:31.000Z
735df5c290244fd188e6acf0,P309,Havells Comb 7683,cat109,S1,1309,47595,68740,457,27,4,53,B,X,19,1,2026-04-02T08:47:31.000Z,2026-04-02T08:47:31.000Z
ae28b9710fa44c9e91579291,P310,Prestige Towel 4339,cat110,S13,1310,117853,166177,415,34,9,47,A,X,58,8,2026-03-29T07:54:31.000Z,2026-03-29T07:54:31.000Z
e23ba495902c4a1bad5ea02f,P311,Xiaomi Notebook 7768,cat111,S16,1311,122358,146053,273,35,14,57,A,X,132,3,2026-04-01T06:06:31.000Z,2026-04-01T06:06:31.000Z
309f8855d9e847378aab9375,P312,Bosch Pen 3126,cat112,S14,1312,53894,62826,35,41,11,23,A,Z,97,7,2026-04-02T18:39:31.000Z,2026-04-02T18:39:31.000Z
63c0d8be51ee4743a4bba2b2,P313,Bajaj Pencil 8990,cat113,S9,1313,70756,88097,319,43,1,44,A,Z,189,8,2026-03-28T09:54:31.000Z,2026-03-28T09:54:31.000Z
0d846af6ec9342f1aa80ddf3,P314,Philips Eraser 9993,cat114,S3,1314,37712,46981,367,27,9,57,C,X,90,9,2026-04-02T23:45:31.000Z,2026-04-02T23:45:31.000Z
daf5786dd73449ea97474fb5,P315,Hitachi Sharpener 987,cat115,S1,1315,36029,48554,489,40,11,55,C,Y,106,7,2026-03-30T17:26:31.000Z,2026-03-30T17:26:31.000Z
12bc13b11b674221ac0aad45,P316,Panasonic Marker 7845,cat116,S5,1316,77587,103275,446,40,1,48,B,X,51,7,2026-03-30T06:11:31.000Z,2026-03-30T06:11:31.000Z
0940c54d95bb469cbe31fb25,P317,Bajaj Highlighter 7032,cat117,S18,1317,125974,171324,151,27,14,51,B,Y,134,3,2026-04-03T07:06:31.000Z,2026-04-03T07:06:31.000Z
d2357e49fd774b7190ef950a,P318,D-Link File Folder 5418,cat118,S7,1318,12415,17960,406,50,11,21,C,Y,191,3,2026-03-30T00:38:31.000Z,2026-03-30T00:38:31.000Z
d51abf0237494390a26d74aa,P319,Philips Stapler 4584,cat119,S18,1319,22302,29442,66,17,12,27,B,X,51,8,2026-03-29T18:16:31.000Z,2026-03-29T18:16:31.000Z
e33e664b6cba40039437335e,P320,Xiaomi Glue 1797,cat120,S3,1320,96147,132207,339,16,5,37,C,Z,107,1,2026-04-02T10:30:31.000Z,2026-04-02T10:30:31.000Z
f3713f8339bf424b83b89b3a,P321,Bajaj Calculator 6217,cat121,S11,1321,52138,74800,208,27,5,39,B,Y,112,4,2026-04-02T17:08:31.000Z,2026-04-02T17:08:31.000Z
e6fc29b1eb294c369a6ea159,P322,Philips Whiteboard 1513,cat122,S13,1322,92494,103576,304,18,11,36,A,X,97,3,2026-03-30T14:06:31.000Z,2026-03-30T14:06:31.000Z
dccca77781ee4d21aa0dbb04,P323,Havells Blackboard 5501,cat123,S7,1323,112394,148423,267,46,13,24,B,X,77,10,2026-03-30T17:59:31.000Z,2026-03-30T17:59:31.000Z
bb9b52708f734eb98c128be7,P324,Usha Chalk 8319,cat124,S5,1324,113341,162667,65,22,2,17,B,Z,141,7,2026-03-28T16:34:31.000Z,2026-03-28T16:34:31.000Z
55e6ecde9efd46a59b72a6b1,P325,D-Link Duster 5333,cat125,S19,1325,140376,187342,242,35,5,37,C,Z,23,7,2026-03-28T03:22:31.000Z,2026-03-28T03:22:31.000Z
fbf9d5ff40d24ae197ca5442,P326,Hitachi Printer Paper 8383,cat126,S9,1326,71417,85353,308,11,12,40,A,X,78,7,2026-03-29T04:57:31.000Z,2026-03-29T04:57:31.000Z
a80f9404d99d42c083beb011,P327,Sharp Envelope 325,cat127,S16,1327,55951,78749,454,42,7,16,A,Z,171,3,2026-04-02T16:35:31.000Z,2026-04-02T16:35:31.000Z
8ef4235b9fb24881ad671286,P328,Prestige Diary 3898,cat128,S16,1328,82045,122785,8,32,2,44,B,X,152,2,2026-03-28T03:50:31.000Z,2026-03-28T03:50:31.000Z
9ac3f2741b3a41949047a88d,P329,Bosch Planner 5945,cat129,S3,1329,65973,87599,305,11,9,45,C,Y,133,2,2026-03-30T02:20:31.000Z,2026-03-30T02:20:31.000Z
228e169ab9244b6ea3a9d5e0,P330,Eureka Forbes Calendar 3947,cat130,S4,1330,79006,93951,20,36,14,40,C,X,92,2,2026-03-28T09:52:31.000Z,2026-03-28T09:52:31.000Z
102db33247ca435389e3358c,P331,Bajaj Bottle 4227,cat131,S10,1331,89253,133284,180,15,5,27,B,X,23,2,2026-03-31T23:28:31.000Z,2026-03-31T23:28:31.000Z
c925612ec67243719b13b912,P332,Black & Decker Lunch Box 8944,cat132,S15,1332,139385,181188,463,29,5,34,A,Z,11,5,2026-04-01T23:13:31.000Z,2026-04-01T23:13:31.000Z
27fe56393ce545f4b00e341c,P333,Panasonic Thermos 6146,cat133,S7,1333,133571,169025,286,36,6,30,B,Y,128,2,2026-04-01T18:32:31.000Z,2026-04-01T18:32:31.000Z
a89c12daca554b4991633f27,P334,Bajaj Plate 5355,cat134,S5,1334,121712,148700,329,48,5,21,B,Z,163,7,2026-03-30T12:08:31.000Z,2026-03-30T12:08:31.000Z
95814c76c1b645b2a7bde74c,P335,D-Link Bowl 8942,cat135,S1,1335,108806,134940,158,25,1,50,B,Y,71,2,2026-03-28T21:18:31.000Z,2026-03-28T21:18:31.000Z
42987dd503804b6388c40edf,P336,Prestige Spoon 6250,cat136,S4,1336,28595,38010,206,6,14,29,C,Z,135,9,2026-03-29T08:06:31.000Z,2026-03-29T08:06:31.000Z
3864813f26a048f8b8ae38a2,P337,TP-Link Fork 8308,cat137,S16,1337,13178,18794,18,34,11,37,A,X,73,1,2026-03-30T01:18:31.000Z,2026-03-30T01:18:31.000Z
4acc1ad52e9641de81a00df4,P338,Black & Decker Knife 6819,cat138,S7,1338,122037,142534,29,42,10,16,A,X,43,10,2026-03-29T17:36:31.000Z,2026-03-29T17:36:31.000Z
829eec496aa64dc98e6c65f9,P339,Usha Pan 3182,cat139,S5,1339,87863,125577,332,24,5,54,A,Z,31,10,2026-04-02T16:02:31.000Z,2026-04-02T16:02:31.000Z
41765df64cc749a88b6647de,P340,Kent Kettle 589,cat140,S12,1340,79210,104384,98,25,2,30,C,Z,100,6,2026-03-31T19:18:31.000Z,2026-03-31T19:18:31.000Z
83babdab0d12441ba85541f3,P341,Sharp Cooker 1656,cat141,S17,1341,77693,112039,66,31,5,17,A,Y,66,9,2026-03-31T05:18:31.000Z,2026-03-31T05:18:31.000Z
0e7a2d707a0d46af845175f6,P342,Kent Gas Stove 3176,cat142,S18,1342,87979,108454,92,41,2,36,B,X,143,6,2026-04-02T05:34:31.000Z,2026-04-02T05:34:31.000Z
bedf2f16b75c4e969d4be7b2,P343,Razer Induction Cooktop 5876,cat143,S4,1343,87670,123429,221,6,12,39,A,Z,65,8,2026-03-28T00:52:31.000Z,2026-03-28T00:52:31.000Z
2e70cc0fcd8b46d6aa099f02,P344,TP-Link Chimney 5098,cat144,S5,1344,98403,116962,359,19,7,53,B,Z,161,5,2026-04-03T05:36:31.000Z,2026-04-03T05:36:31.000Z
eac248a41d654fcbb347a9e3,P345,Xiaomi Water Bottle 5006,cat145,S9,1345,111647,127866,375,23,12,59,A,X,85,6,2026-03-27T19:28:31.000Z,2026-03-27T19:28:31.000Z
56ba177257b243dfb94a16f8,P346,D-Link Juicer 3756,cat146,S1,1346,116953,152605,184,34,6,37,A,Z,77,10,2026-03-31T17:00:31.000Z,2026-03-31T17:00:31.000Z
eed57f25394d4366a844022b,P347,Eureka Forbes Coffee Maker 6409,cat147,S9,1347,131845,151164,474,28,6,43,A,X,42,4,2026-04-01T00:51:31.000Z,2026-04-01T00:51:31.000Z
113d12f92d7b4bd19977a1ed,P348,Eureka Forbes Tea Maker 8780,cat148,S16,1348,83444,110195,486,27,4,60,B,Z,6,10,2026-04-03T13:25:31.000Z,2026-04-03T13:25:31.000Z
02bb66d025e84b6487550f22,P349,Hitachi Ice Maker 6319,cat149,S13,1349,76572,90971,176,48,6,47,A,Z,150,6,2026-03-28T13:10:31.000Z,2026-03-28T13:10:31.000Z
d298c51d470846018ec8cf33,P350,Corsair Grill 8476,cat150,S4,1350,17141,18949,45,43,2,48,B,X,74,5,2026-03-29T04:44:31.000Z,2026-03-29T04:44:31.000Z
d9a85871592142308c5c18eb,P351,Kent Bike 4617,cat151,S19,1351,112976,146362,91,11,2,17,A,Z,33,10,2026-04-03T01:57:31.000Z,2026-04-03T01:57:31.000Z
0e59ec264a294f81a8d1716f,P352,Sharp Scooter 4697,cat152,S1,1352,80488,99512,59,39,3,16,C,X,125,9,2026-04-03T03:17:31.000Z,2026-04-03T03:17:31.000Z
6dd54cb28c9c4f8698a0419d,P353,Bajaj Car 5872,cat153,S11,1353,99869,130327,218,42,3,50,A,Z,117,7,2026-03-28T04:32:31.000Z,2026-03-28T04:32:31.000Z
560a6acb70454ccfafdc58de,P354,Xiaomi Helmet 9222,cat154,S9,1354,102064,118088,213,15,8,60,B,X,45,4,2026-03-28T23:02:31.000Z,2026-03-28T23:02:31.000Z
a235346141b3454c99ce93f3,P355,D-Link Tyre 363,cat155,S15,1355,89566,114285,271,8,12,32,B,X,107,3,2026-03-31T22:53:31.000Z,2026-03-31T22:53:31.000Z
47cf8306bd214d08b36e4709,P356,Bosch Car Battery 8704,cat156,S15,1356,73684,89453,438,7,6,43,B,Z,142,5,2026-03-31T07:44:31.000Z,2026-03-31T07:44:31.000Z
4e86e28fe4f34e078eeff405,P357,Philips Car Charger 7499,cat157,S15,1357,116691,143728,348,31,14,41,C,Y,138,5,2026-03-31T03:41:31.000Z,2026-03-31T03:41:31.000Z
ade5a802c7e54ffe8285b6e2,P358,Prestige Car Cover 9341,cat158,S16,1358,23972,26653,424,17,9,23,C,Z,139,4,2026-04-02T14:27:31.000Z,2026-04-02T14:27:31.000Z
c153235a1b54444898d78c6c,P359,Black & Decker Seat Cover 538,cat159,S3,1359,13894,20741,426,40,6,22,C,Z,157,2,2026-04-01T04:46:31.000Z,2026-04-01T04:46:31.000Z
f8197c7e1f194faab71b0c9f,P360,TP-Link Wiper 4462,cat160,S12,1360,101965,138245,429,41,7,45,A,X,128,9,2026-04-01T05:44:31.000Z,2026-04-01T05:44:31.000Z
b1661ad91a714204b91c9cc4,P361,D-Link Engine Oil 4145,cat161,S8,1361,12536,15010,358,28,4,22,C,Y,64,7,2026-04-02T04:37:31.000Z,2026-04-02T04:37:31.000Z
d0e474d4aeb14df58530a79f,P362,Black & Decker Brake Oil 8706,cat162,S19,1362,14238,18372,27,18,11,52,A,X,175,7,2026-03-30T18:42:31.000Z,2026-03-30T18:42:31.000Z
65288527aa414d2dbe439bcf,P363,Black & Decker Coolant 5675,cat163,S12,1363,73439,91748,374,12,10,43,C,X,168,5,2026-03-30T19:14:31.000Z,2026-03-30T19:14:31.000Z
56f45c67c207433ab686a553,P364,Bosch Toolkit 4558,cat164,S20,1364,66373,75595,125,41,8,57,B,X,28,3,2026-04-02T08:57:31.000Z,2026-04-02T08:57:31.000Z
cebb32ecfe5448a0973520ca,P365,Corsair Jack 9800,cat165,S3,1365,30661,41591,414,30,12,36,C,X,15,7,2026-03-29T22:57:31.000Z,2026-03-29T22:57:31.000Z
eb2f462f38894c5a97d204e2,P366,Stanley Pump 154,cat166,S12,1366,97178,130278,152,38,11,35,B,Z,130,5,2026-04-01T11:14:31.000Z,2026-04-01T11:14:31.000Z
9eadadfbf7fd4fa489a9abe0,P367,Bosch Torch 401,cat167,S14,1367,15397,17884,54,21,7,24,A,Z,171,3,2026-03-29T23:57:31.000Z,2026-03-29T23:57:31.000Z
a338c4fb70d140f29ea000e0,P368,Sharp Rope 4578,cat168,S4,1368,68994,89628,466,20,9,44,B,X,194,5,2026-04-02T06:36:31.000Z,2026-04-02T06:36:31.000Z
0cd5587b05e34aefa5b8d326,P369,Hitachi Bucket 3775,cat169,S2,1369,54229,73848,103,31,3,50,A,X,27,7,2026-03-28T08:34:31.000Z,2026-03-28T08:34:31.000Z
87f53a297a7b43168ca2a950,P370,Eureka Forbes Mug 7500,cat170,S11,1370,42698,59793,493,37,8,42,C,Z,82,4,2026-03-27T20:45:31.000Z,2026-03-27T20:45:31.000Z
6bedb3728aa84cce985bcfe0,P371,D-Link Dustbin 3266,cat171,S13,1371,38492,54482,460,12,13,24,B,Z,41,1,2026-04-02T22:15:31.000Z,2026-04-02T22:15:31.000Z
0b414f4681164499a9c3a9da,P372,Bajaj Cleaning Brush 1546,cat172,S1,1372,60517,87361,5,44,5,59,C,Y,11,10,2026-04-02T22:58:31.000Z,2026-04-02T22:58:31.000Z
7815d4c0af104949824d4800,P373,TP-Link Mop 3547,cat173,S2,1373,59817,87360,100,14,9,53,B,Y,86,10,2026-04-02T03:34:31.000Z,2026-04-02T03:34:31.000Z
2a2c0e3be9ce4b7d857ae6cc,P374,Razer Detergent 4504,cat174,S11,1374,78565,91912,105,28,2,40,A,X,7,6,2026-03-28T00:48:31.000Z,2026-03-28T00:48:31.000Z
b5a7758d71624bc88c024746,P375,Panasonic Floor Cleaner 1131,cat175,S7,1375,88442,110571,339,25,12,22,A,X,85,1,2026-04-03T13:30:31.000Z,2026-04-03T13:30:31.000Z
786a08962ca941d9b79e3740,P376,Kent Glass Cleaner 7900,cat176,S4,1376,41289,56985,8,37,6,29,C,Z,156,7,2026-03-29T23:54:31.000Z,2026-03-29T23:54:31.000Z
76ccf9ec0ee748cab566711d,P377,Sharp Room Freshener 7963,cat177,S20,1377,47180,63205,129,14,11,13,B,Z,134,10,2026-03-31T20:55:31.000Z,2026-03-31T20:55:31.000Z
244900def8b04fa2a1cb3757,P378,Philips Insect Killer 1217,cat178,S14,1378,64178,86411,341,37,10,14,A,Z,90,6,2026-03-30T05:58:31.000Z,2026-03-30T05:58:31.000Z
6683ad078db24b0d946a8bcd,P379,Kent Pesticide 3310,cat179,S10,1379,145020,162916,194,44,1,38,C,Y,199,8,2026-03-29T10:49:31.000Z,2026-03-29T10:49:31.000Z
d416aa944ceb4642a2013545,P380,Havells Garden Hose 6089,cat180,S10,1380,43680,53601,291,14,12,51,C,X,95,9,2026-03-29T03:25:31.000Z,2026-03-29T03:25:31.000Z
ace5a6c07bd74f5b8aec1bcf,P381,Stanley Plant Pot 4151,cat181,S6,1381,68447,98480,16,9,3,38,C,Z,191,3,2026-04-02T07:23:31.000Z,2026-04-02T07:23:31.000Z
128aa73ade2c492ba363ce26,P382,Bajaj Seeds 9942,cat182,S8,1382,50371,72932,245,7,14,16,B,Y,161,8,2026-03-30T10:41:31.000Z,2026-03-30T10:41:31.000Z
b2ea5f673b9c40959e8e2bcf,P383,Panasonic Fertilizer 6593,cat183,S18,1383,8450,11355,309,35,14,18,B,Y,111,4,2026-04-01T10:09:31.000Z,2026-04-01T10:09:31.000Z
b6b6ed65613e42d7a90706c9,P384,Black & Decker Shovel 4318,cat184,S2,1384,31374,38799,186,43,11,32,C,Z,187,4,2026-03-29T06:29:31.000Z,2026-03-29T06:29:31.000Z
e4dd104af98e4203aabd4e30,P385,Corsair Rake 1709,cat185,S2,1385,66593,77137,346,21,6,37,C,Z,98,3,2026-04-01T20:25:31.000Z,2026-04-01T20:25:31.000Z
c586da858f9b4fb0a6b5f662,P386,D-Link Sprayer 2085,cat186,S14,1386,28051,40585,421,20,13,34,A,Z,31,2,2026-03-30T09:55:31.000Z,2026-03-30T09:55:31.000Z
cae255d1880f4212908b9749,P387,D-Link Ladder 2088,cat187,S10,1387,87980,131828,193,19,12,45,A,X,124,3,2026-04-01T23:38:31.000Z,2026-04-01T23:38:31.000Z
a47db39966fe4362a888df7a,P388,Logitech Tool Box 5821,cat188,S13,1388,47988,71004,376,28,5,48,A,X,188,5,2026-04-02T17:24:31.000Z,2026-04-02T17:24:31.000Z
b0bc38c105354c8899990a03,P389,Havells Hammer 4304,cat189,S9,1389,47001,52937,490,22,4,12,B,Z,153,9,2026-04-02T20:01:31.000Z,2026-04-02T20:01:31.000Z
98045e741f974e5997c4b548,P390,Havells Screwdriver 9851,cat190,S13,1390,32679,38369,389,23,4,12,B,Y,86,9,2026-04-01T23:05:31.000Z,2026-04-01T23:05:31.000Z
2886fb5675104e39b67ff811,P391,Stanley Drill Machine 7805,cat191,S3,1391,50216,61627,314,43,12,32,C,X,82,1,2026-04-02T15:50:31.000Z,2026-04-02T15:50:31.000Z
e6dbffca86f14431a092af8f,P392,Havells Saw 465,cat192,S12,1392,82588,96856,272,41,8,50,A,X,46,6,2026-04-01T23:46:31.000Z,2026-04-01T23:46:31.000Z
6d4245aca4c9464f8309149d,P393,Panasonic Wrench 2862,cat193,S19,1393,81633,93402,489,13,8,49,C,Y,149,7,2026-03-29T03:29:31.000Z,2026-03-29T03:29:31.000Z
fa3fb1d4ad504ad3a1ec616d,P394,Hitachi Pliers 134,cat194,S19,1394,95489,108286,329,49,6,10,C,X,186,8,2026-04-01T16:01:31.000Z,2026-04-01T16:01:31.000Z
caf69cab98f7427798a7a086,P395,Bosch Tape 5014,cat195,S4,1395,114365,130449,407,32,14,25,A,Z,133,9,2026-04-02T00:18:31.000Z,2026-04-02T00:18:31.000Z
d1f2eee0441e4acaa41a26a4,P396,Razer Measuring Tape 8125,cat196,S15,1396,63338,75330,157,25,1,50,C,X,2,2,2026-04-02T13:43:31.000Z,2026-04-02T13:43:31.000Z
cd4793ae65c2468bb38520a5,P397,TP-Link Level Tool 8540,cat197,S17,1397,51866,62685,74,35,11,21,C,X,50,7,2026-04-01T11:32:31.000Z,2026-04-01T11:32:31.000Z
e240e51afe8c407bbffd400f,P398,Bosch Safety Gloves 5705,cat198,S13,1398,41725,52895,375,20,8,41,B,X,127,6,2026-03-31T14:46:31.000Z,2026-03-31T14:46:31.000Z
399334f912d74bfaa446b8e3,P399,Bosch Helmet Gear 424,cat199,S3,1399,3612,4070,47,29,13,58,B,Y,106,6,2026-04-01T08:40:31.000Z,2026-04-01T08:40:31.000Z
74927956b76d44b3b33954c7,P400,Prestige Mask 6910,cat200,S6,1400,102529,139496,431,39,11,42,A,X,130,3,2026-04-02T11:32:31.000Z,2026-04-02T11:32:31.000Z
10415390129f47d9aff26bcb,P401,Redmi 10 Prime Gen 10,cat1,S10,1401,35216,39278,275,15,14,26,B,Z,150,10,2026-04-02T02:16:31.000Z,2026-04-02T02:16:31.000Z
422644dbcf0c46cbaec39984,P402,Whirlpool WhiteMagic Gen 3,cat2,S12,1402,46950,65213,334,16,7,50,C,Z,30,10,2026-03-28T01:12:31.000Z,2026-03-28T01:12:31.000Z
6e08f364a0c249e5a23c2fe4,P403,Samsung 253L Double Door Gen 7,cat3,S3,1403,91883,105975,51,43,1,49,B,Z,141,4,2026-03-30T22:45:31.000Z,2026-03-30T22:45:31.000Z
b69d69e43a034e4b9b2cebbd,P404,Voltas 1.5 Ton 5 Star Gen 3,cat4,S13,1404,109222,147130,436,23,7,39,C,X,169,5,2026-03-29T16:56:31.000Z,2026-03-29T16:56:31.000Z
632a02dbc1a04bd4bd61c15b,P405,Sony Bravia 55 inch Gen 8,cat5,S13,1405,7693,8545,43,45,7,46,A,Z,195,5,2026-03-28T11:36:31.000Z,2026-03-28T11:36:31.000Z
f59d5bce7c2349a68fa07c71,P406,Sharp Air Cooler 2178,cat6,S11,1406,37507,51083,484,41,7,17,A,X,54,8,2026-03-27T23:03:31.000Z,2026-03-27T23:03:31.000Z
412f337ecb3a4f7bacfdc6f1,P407,Kent Blender 9202,cat7,S7,1407,13510,19439,196,33,13,45,B,Z,176,6,2026-03-31T15:27:31.000Z,2026-03-31T15:27:31.000Z
6bab83ca5eaf4ac69dfa5df0,P408,Lenovo IdeaPad 3 Gen 7,cat8,S16,1408,124779,186458,370,25,14,27,A,Z,144,7,2026-03-27T23:41:31.000Z,2026-03-27T23:41:31.000Z
6ffe86b521404062a53bf46e,P409,iPad Pro 11 inch Gen 3,cat9,S15,1409,59027,73017,356,27,10,56,B,X,147,1,2026-03-30T03:08:31.000Z,2026-03-30T03:08:31.000Z
3e645c1e92f14b749e85f832,P410,Boat Rockerz 450 Gen 9,cat10,S14,1410,85738,103994,43,24,9,27,A,Y,6,2,2026-03-28T13:34:31.000Z,2026-03-28T13:34:31.000Z
d4c8df4746b04f49b6f2c9ae,P411,Noise ColorFit Pulse Gen 1,cat11,S5,1411,2438,3337,398,6,8,24,C,Y,93,5,2026-03-30T15:44:31.000Z,2026-03-30T15:44:31.000Z
61f29af7d59b4ac982118639,P412,Fujifilm X-T5 Gen 7,cat12,S18,1412,16711,22504,92,35,14,20,B,Y,168,6,2026-04-01T11:09:31.000Z,2026-04-01T11:09:31.000Z
53d5b82ccae6441782fe5719,P413,Canon PIXMA G3012 Gen 9,cat13,S17,1413,66123,90559,49,9,4,46,A,X,87,6,2026-03-30T23:55:31.000Z,2026-03-30T23:55:31.000Z
0757aa852b5a422b80cdc089,P414,Sharp Scanner 177,cat14,S3,1414,3222,4173,166,17,1,29,A,X,34,9,2026-03-28T15:17:31.000Z,2026-03-28T15:17:31.000Z
7158ff18379e46ad8fe8c416,P415,Eureka Forbes Microwave 878,cat15,S5,1415,52189,73591,159,10,1,14,C,Z,139,3,2026-04-01T06:55:31.000Z,2026-04-01T06:55:31.000Z
2c1a4eb6597942ac8b348909,P416,Corsair Oven 4960,cat16,S13,1416,111004,137118,196,40,1,33,A,Z,68,6,2026-04-02T20:46:31.000Z,2026-04-02T20:46:31.000Z
b760cc04cd8c4e859c1c92db,P417,Kent Toaster 6619,cat17,S1,1417,53348,66669,248,42,13,54,B,X,1,8,2026-03-31T03:51:31.000Z,2026-03-31T03:51:31.000Z
073a34bebfdf4a32bb44b34e,P418,TP-Link Mixer Grinder 6024,cat18,S15,1418,35689,48992,315,31,7,39,C,X,31,5,2026-03-28T02:59:31.000Z,2026-03-28T02:59:31.000Z
3a9fafc0150342cc924d34b4,P419,Havells Water Purifier 9843,cat19,S3,1419,19559,24311,281,7,9,58,B,X,103,2,2026-04-01T02:31:31.000Z,2026-04-01T02:31:31.000Z
b9eef869919c4b93958d04bc,P420,Kent Geyser 1222,cat20,S17,1420,7909,11848,28,23,12,24,C,X,146,5,2026-03-30T21:05:31.000Z,2026-03-30T21:05:31.000Z
e8fc421774fa4b81a0b26c4f,P421,Xiaomi Fan 1988,cat21,S17,1421,1460,2075,204,43,12,34,A,Y,89,10,2026-04-01T14:39:31.000Z,2026-04-01T14:39:31.000Z
071888bd7b764d3197882936,P422,Stanley Heater 5711,cat22,S12,1422,10327,13629,429,22,13,33,A,Y,165,8,2026-04-02T06:02:31.000Z,2026-04-02T06:02:31.000Z
f496ca87c5a043e4ab09f6d3,P423,TP-Link Iron 8626,cat23,S7,1423,84801,110144,478,12,9,13,C,X,21,9,2026-04-01T06:50:31.000Z,2026-04-01T06:50:31.000Z
8f13faee42df4f06a67bec24,P424,Usha Vacuum Cleaner 628,cat24,S19,1424,106617,138107,123,46,14,17,B,Y,124,6,2026-03-28T01:09:31.000Z,2026-03-28T01:09:31.000Z
c9e3fdbfbe2b413093b77c9e,P425,Xiaomi Dishwasher 7724,cat25,S10,1425,42210,47230,216,44,13,21,A,Y,65,5,2026-03-31T05:34:31.000Z,2026-03-31T05:34:31.000Z
05cd1e46d6194a3b800daa54,P426,Usha Router 7381,cat26,S4,1426,5160,7184,468,33,2,57,A,Z,86,5,2026-04-01T19:26:31.000Z,2026-04-01T19:26:31.000Z
44825665ce6f44f5ae6d6be5,P427,TP-Link Modem 4825,cat27,S16,1427,2750,3866,62,38,12,19,B,Y,126,1,2026-03-29T21:06:31.000Z,2026-03-29T21:06:31.000Z
95440a878b77420c83cfa39b,P428,Eureka Forbes Speaker 6084,cat28,S13,1428,64631,77615,80,23,9,12,B,X,70,7,2026-04-01T07:25:31.000Z,2026-04-01T07:25:31.000Z
e155e47dfd764a348c7b90f2,P429,Black & Decker Soundbar 7487,cat29,S18,1429,21905,32011,31,49,3,29,B,X,120,5,2026-04-01T07:29:31.000Z,2026-04-01T07:29:31.000Z
b2861cdbf894430da98a90ed,P430,Sharp Projector 1213,cat30,S5,1430,132542,168913,18,11,3,24,A,X,147,4,2026-03-30T17:09:31.000Z,2026-03-30T17:09:31.000Z
4c72ac0548904ee08a6feab1,P431,Black & Decker Gaming Console 8541,cat31,S3,1431,13515,14922,278,8,10,60,C,X,181,2,2026-03-31T14:31:31.000Z,2026-03-31T14:31:31.000Z
1eb901ae64134e959a9f073d,P432,Philips Keyboard 3919,cat32,S20,1432,149034,216865,468,11,13,15,A,Z,39,10,2026-03-30T14:01:31.000Z,2026-03-30T14:01:31.000Z
fec8d502b3ff4b1b87feb941,P433,Black & Decker Mouse 7631,cat33,S20,1433,101636,117584,23,50,4,29,B,Y,65,6,2026-03-28T06:32:31.000Z,2026-03-28T06:32:31.000Z
0e30ad65b7044eb79eda79c6,P434,Black & Decker Monitor 7566,cat34,S14,1434,111437,123488,96,11,12,16,C,Z,15,2,2026-04-01T08:28:31.000Z,2026-04-01T08:28:31.000Z
c1050e3c037746a7816a46a9,P435,Bosch Hard Drive 446,cat35,S12,1435,20535,28972,454,33,9,60,B,Z,60,9,2026-03-28T23:37:31.000Z,2026-03-28T23:37:31.000Z
ce47a81647cd442da7e6bc19,P436,TP-Link SSD 3062,cat36,S15,1436,77837,115179,253,36,5,28,C,Z,46,10,2026-04-02T15:45:31.000Z,2026-04-02T15:45:31.000Z
5aaac5331e8549e58cb707f6,P437,Philips Pendrive 994,cat37,S20,1437,19402,27871,296,11,6,16,C,Z,76,8,2026-03-29T19:17:31.000Z,2026-03-29T19:17:31.000Z
bccb0af12b5a4d2f8297bfb6,P438,TP-Link Power Bank 6265,cat38,S18,1438,44967,55154,371,12,5,38,C,X,195,10,2026-04-01T18:48:31.000Z,2026-04-01T18:48:31.000Z
b6010203a66d45409882bfcb,P439,TP-Link Charger 9017,cat39,S3,1439,24682,29557,50,32,6,35,A,Z,54,9,2026-03-29T09:32:31.000Z,2026-03-29T09:32:31.000Z
26c12e0de0b34009a79594d2,P440,Black & Decker Extension Board 275,cat40,S9,1440,123065,166602,474,39,1,15,C,Y,27,3,2026-03-30T01:33:31.000Z,2026-03-30T01:33:31.000Z
0758d7875de5439983750f4d,P441,Corsair Inverter 8223,cat41,S13,1441,42166,48151,115,21,3,20,A,Y,158,3,2026-03-30T17:23:31.000Z,2026-03-30T17:23:31.000Z
0f713222fde44b888a307e72,P442,Hitachi Battery 7628,cat42,S15,1442,142280,195384,158,47,1,38,B,X,189,7,2026-04-02T11:09:31.000Z,2026-04-02T11:09:31.000Z
d276478bdb5046029f5a6d67,P443,Corsair Solar Panel 2743,cat43,S3,1443,55994,65457,454,21,9,38,C,Y,98,7,2026-03-28T16:03:31.000Z,2026-03-28T16:03:31.000Z
c72325c3a71c469383a0130e,P444,Eureka Forbes LED Bulb 1814,cat44,S8,1444,18275,23425,494,30,11,14,C,X,178,5,2026-03-31T03:39:31.000Z,2026-03-31T03:39:31.000Z
0a68f3c5512f471e89da3687,P445,Havells Tube Light 7338,cat45,S10,1445,54195,64650,260,45,6,35,C,Z,56,9,2026-03-30T16:18:31.000Z,2026-03-30T16:18:31.000Z
525c0d60a01b4986bbf461e4,P446,Prestige Ceiling Light 4792,cat46,S11,1446,22661,26884,159,24,6,27,B,Z,124,8,2026-04-03T01:56:31.000Z,2026-04-03T01:56:31.000Z
b00fcfc4e1c14dd4b0d9fc86,P447,Philips Wall Light 2310,cat47,S7,1447,112960,129226,55,33,14,20,B,Y,173,7,2026-03-31T09:34:31.000Z,2026-03-31T09:34:31.000Z
9eb7e57e3d5d4125b0243b70,P448,Hitachi Table Lamp 1868,cat48,S19,1448,135025,158137,402,33,1,10,A,X,169,6,2026-03-29T16:49:31.000Z,2026-03-29T16:49:31.000Z
ddf12f4a98b441399c7d8863,P449,Sharp Emergency Light 9904,cat49,S7,1449,75717,99605,220,20,8,56,B,Z,197,4,2026-04-01T02:26:31.000Z,2026-04-01T02:26:31.000Z
cf679d60846c4712b85e9081,P450,Xiaomi CCTV Camera 376,cat50,S17,1450,127642,140837,331,43,4,32,C,Y,113,2,2026-04-03T08:33:31.000Z,2026-04-03T08:33:31.000Z
21907d7202314b148da80dd6,P451,Havells Door Lock 170,cat51,S6,1451,52075,64243,264,50,4,35,A,X,122,3,2026-04-02T18:51:31.000Z,2026-04-02T18:51:31.000Z
135410b8b9464a92bf181d31,P452,Usha Smart Lock 826,cat52,S4,1452,143764,171120,369,19,3,20,B,Y,120,10,2026-03-28T06:08:31.000Z,2026-03-28T06:08:31.000Z
eaa99bedd00f41779a7cd2bf,P453,Eureka Forbes Doorbell 8138,cat53,S10,1453,70272,103682,443,33,6,59,B,Z,80,7,2026-04-02T04:31:31.000Z,2026-04-02T04:31:31.000Z
f270e617560d470d88e304e4,P454,TP-Link Curtains 2625,cat54,S14,1454,102442,121070,379,24,2,32,C,Z,117,5,2026-03-30T02:15:31.000Z,2026-03-30T02:15:31.000Z
10da697eefed44c68682213c,P455,Bajaj Sofa 7081,cat55,S18,1455,110828,135931,291,29,13,37,B,Z,75,4,2026-04-01T02:49:31.000Z,2026-04-01T02:49:31.000Z
84ca38ff39654cea9bdbc3f4,P456,Prestige Bed 7660,cat56,S16,1456,12741,15439,346,46,1,28,A,Z,40,8,2026-03-28T10:26:31.000Z,2026-03-28T10:26:31.000Z
f84fb436c62f457ebfb67316,P457,Hitachi Mattress 9919,cat57,S14,1457,135629,201518,111,45,1,53,A,X,178,5,2026-04-01T13:39:31.000Z,2026-04-01T13:39:31.000Z
f94901f413b04c9e9d00e65d,P458,Sharp Pillow 7149,cat58,S18,1458,41225,46429,381,11,3,11,B,X,87,10,2026-03-29T01:16:31.000Z,2026-03-29T01:16:31.000Z
b65d7f6733494a62b32aafe7,P459,Eureka Forbes Blanket 3331,cat59,S2,1459,89555,113765,22,24,5,18,C,Y,116,5,2026-03-29T11:20:31.000Z,2026-03-29T11:20:31.000Z
b432c74563af43ff800c2ec3,P460,Bosch Wardrobe 452,cat60,S1,1460,106946,146694,279,44,11,60,A,X,151,5,2026-04-01T12:40:31.000Z,2026-04-01T12:40:31.000Z
4bbab814753a4c839aaaabff,P461,Bosch Dining Table 9267,cat61,S18,1461,67994,92466,468,49,9,26,C,X,163,2,2026-03-30T19:40:31.000Z,2026-03-30T19:40:31.000Z
3cebe47e53a74176a3ad21da,P462,Eureka Forbes Chair 7754,cat62,S10,1462,111489,159693,268,14,2,29,C,Y,55,2,2026-03-29T13:15:31.000Z,2026-03-29T13:15:31.000Z
a0782f3027b448c596e5b1b7,P463,TP-Link Study Table 4614,cat63,S12,1463,55896,79276,468,37,14,51,A,X,165,7,2026-03-31T06:27:31.000Z,2026-03-31T06:27:31.000Z
620796df25bf4892b4191374,P464,Corsair Bookshelf 1822,cat64,S8,1464,78696,107692,104,40,5,60,C,Z,200,9,2026-03-27T18:20:31.000Z,2026-03-27T18:20:31.000Z
0784e749feed4f50bf5cc376,P465,Panasonic Cupboard 5834,cat65,S20,1465,148641,187113,37,44,7,35,B,X,180,2,2026-03-28T16:59:31.000Z,2026-03-28T16:59:31.000Z
338deb03c3eb45fd95b6f623,P466,Razer Dressing Table 4838,cat66,S17,1466,132705,189734,210,17,2,47,A,X,67,8,2026-03-27T19:18:31.000Z,2026-03-27T19:18:31.000Z
3f13cd98eba4467cb87913aa,P467,Razer Mirror 6947,cat67,S17,1467,27475,38874,139,50,14,57,A,X,4,6,2026-04-01T20:36:31.000Z,2026-04-01T20:36:31.000Z
e14fdd009cd64a5586a5c06a,P468,Corsair Carpet 9269,cat68,S13,1468,113028,156892,67,10,4,33,B,Z,132,7,2026-03-29T10:29:31.000Z,2026-03-29T10:29:31.000Z
147d7773fbd245ae811581cd,P469,Philips Doormat 5512,cat69,S13,1469,48355,71447,17,36,4,43,A,X,188,3,2026-03-30T18:08:31.000Z,2026-03-30T18:08:31.000Z
463c7eae15d4439f87561ca1,P470,Usha Clock 829,cat70,S19,1470,38293,52422,493,13,5,56,B,Y,88,2,2026-03-29T07:13:31.000Z,2026-03-29T07:13:31.000Z
937e23501bba45f684e6e7a3,P471,TP-Link Watch 1154,cat71,S15,1471,104806,130830,167,50,10,24,A,Z,60,3,2026-03-30T05:22:31.000Z,2026-03-30T05:22:31.000Z
a0fb4657a4144cebbd44685a,P472,Philips Shoes 233,cat72,S17,1472,134053,195435,263,44,9,42,B,Y,133,10,2026-03-27T18:05:31.000Z,2026-03-27T18:05:31.000Z
f97eb85f68be4c75ab47cbbe,P473,TP-Link Sandals 5870,cat73,S1,1473,24509,29825,341,26,10,50,B,X,132,4,2026-03-29T19:37:31.000Z,2026-03-29T19:37:31.000Z
37a22bddf21148efa5350601,P474,Havells Slippers 9491,cat74,S15,1474,77041,86244,370,16,11,14,A,Z,118,8,2026-03-30T14:09:31.000Z,2026-03-30T14:09:31.000Z
5b4629cbbdbf442887d4b49e,P475,Bosch T-Shirt 7139,cat75,S19,1475,132612,164627,228,44,11,21,C,Z,33,5,2026-03-29T07:33:31.000Z,2026-03-29T07:33:31.000Z
1fbaef5b7e3c4bfe825b6228,P476,Black & Decker Shirt 7450,cat76,S6,1476,88279,111771,429,19,6,51,B,Z,101,8,2026-04-03T10:03:31.000Z,2026-04-03T10:03:31.000Z
9df89427d8fe484296b61a07,P477,Razer Jeans 4493,cat77,S13,1477,16285,19182,433,17,11,21,B,Y,175,1,2026-03-29T01:52:31.000Z,2026-03-29T01:52:31.000Z
bf19bc71b65e4e169de77fcb,P478,Black & Decker Jacket 1275,cat78,S8,1478,14929,19425,252,27,8,48,A,Y,111,3,2026-04-02T19:27:31.000Z,2026-04-02T19:27:31.000Z
7a0c9a4027244fcc9d4e052e,P479,Razer Sweater 8123,cat79,S5,1479,19750,27261,419,13,3,59,C,Y,169,4,2026-03-28T14:50:31.000Z,2026-03-28T14:50:31.000Z
022210a723c9402a9c44da43,P480,Sharp Shorts 5577,cat80,S6,1480,66801,88875,277,18,2,26,C,Z,29,2,2026-04-01T22:31:31.000Z,2026-04-01T22:31:31.000Z
736fe3dd9a9445d49ccc5096,P481,Sharp Cap 6666,cat81,S14,1481,55527,64608,8,42,7,47,B,Z,125,1,2026-04-01T09:27:31.000Z,2026-04-01T09:27:31.000Z
9c8404cadcc7496a912b9a07,P482,Black & Decker Hat 2129,cat82,S13,1482,6685,8784,19,16,8,14,B,Z,9,7,2026-03-29T14:58:31.000Z,2026-03-29T14:58:31.000Z
3fd185fd81a34bd3ba03ee26,P483,Eureka Forbes Bag 467,cat83,S13,1483,117470,136966,392,25,8,33,C,Y,180,8,2026-04-02T23:58:31.000Z,2026-04-02T23:58:31.000Z
9f30943bae034b66ad6acd61,P484,Panasonic Backpack 4440,cat84,S18,1484,20355,27373,358,20,4,60,A,Z,99,8,2026-03-30T12:01:31.000Z,2026-03-30T12:01:31.000Z
f87beaf625a24d95ab9d8e91,P485,Prestige Suitcase 2672,cat85,S3,1485,38655,46099,371,41,12,18,B,Y,104,1,2026-03-30T15:43:31.000Z,2026-03-30T15:43:31.000Z
4131454f248b47cb806e1b77,P486,TP-Link Wallet 3437,cat86,S2,1486,148404,163301,237,45,7,34,C,Y,51,7,2026-04-01T21:32:31.000Z,2026-04-01T21:32:31.000Z
ea7e289035f44358aa279ec0,P487,Logitech Belt 4051,cat87,S5,1487,57270,83715,242,7,4,50,A,Z,117,8,2026-03-30T18:40:31.000Z,2026-03-30T18:40:31.000Z
3b734958320a4ebcbc526130,P488,Hitachi Sunglasses 505,cat88,S6,1488,11802,15890,47,7,11,36,B,Z,23,5,2026-03-29T03:18:31.000Z,2026-03-29T03:18:31.000Z
cd55b47c8b9741feb9b15107,P489,Havells Perfume 1500,cat89,S15,1489,73685,99355,100,11,5,60,C,Z,8,6,2026-03-30T14:17:31.000Z,2026-03-30T14:17:31.000Z
f06e2e7211e24f8c9810becc,P490,Panasonic Deodorant 3492,cat90,S16,1490,67734,80169,254,22,14,41,B,Z,114,5,2026-03-30T07:35:31.000Z,2026-03-30T07:35:31.000Z
f706fc7b1e184f17bb6add75,P491,TP-Link Shampoo 3269,cat91,S6,1491,127269,159172,328,33,4,23,B,X,23,1,2026-04-02T17:51:31.000Z,2026-04-02T17:51:31.000Z
2b740d966a8f423cadb082f2,P492,Stanley Conditioner 5164,cat92,S5,1492,113676,157503,226,23,6,46,A,X,34,9,2026-04-01T17:03:31.000Z,2026-04-01T17:03:31.000Z
0d1e5011724c486b8344cefd,P493,Kent Soap 134,cat93,S20,1493,106777,156756,69,29,7,17,B,Z,133,2,2026-03-31T09:58:31.000Z,2026-03-31T09:58:31.000Z
90878d080a364b9fac2616cd,P494,Corsair Face Wash 8515,cat94,S6,1494,35979,44692,342,6,7,12,A,X,155,7,2026-04-02T11:20:31.000Z,2026-04-02T11:20:31.000Z
c95f940066904ef7803b774c,P495,Bosch Cream 2424,cat95,S6,1495,98924,129936,254,44,13,32,B,Z,99,10,2026-03-31T20:04:31.000Z,2026-03-31T20:04:31.000Z
495f8d6104e4433eb6624482,P496,Xiaomi Lotion 3276,cat96,S19,1496,24110,35346,302,7,1,36,C,X,31,4,2026-04-01T04:22:31.000Z,2026-04-01T04:22:31.000Z
b00aab3ed81b4270a4fd0676,P497,Logitech Toothpaste 7967,cat97,S16,1497,133531,196121,500,19,7,41,B,Y,96,4,2026-04-02T18:25:31.000Z,2026-04-02T18:25:31.000Z
c90f998426074c708400f469,P498,Panasonic Toothbrush 8080,cat98,S16,1498,84912,124247,460,28,7,54,A,X,37,1,2026-03-31T14:20:31.000Z,2026-03-31T14:20:31.000Z
ab6ca720dfab42038d2fe7a6,P499,TP-Link Razor 7986,cat99,S5,1499,32010,37756,304,11,5,41,C,X,57,3,2026-04-01T21:50:31.000Z,2026-04-01T21:50:31.000Z
30174f7eb4f94464af37d415,P500,Eureka Forbes Trimmer 5893,cat100,S5,1500,139940,189612,102,5,12,48,A,Z,175,3,2026-04-02T13:54:31.000Z,2026-04-02T13:54:31.000Z
