_id,customer_id,name,contact,created_at
249806285755495754340636,c1,Vijay Ali,9229977424,2026-02-08T00:00:00.000Z
241076976382407741874889,c2,Sanjay Gupta,9819975160,2025-05-04T00:00:00.000Z
563350326216027744446260,c3,Ajay Gupta,7187619142,2025-07-03T00:00:00.000Z
107276906850036876925791,c4,Gaurav Mishra,7209976284,2025-12-16T00:00:00.000Z
918453526304194985943676,c5,Dinesh Kumar,8205305602,2025-05-02T00:00:00.000Z
224625911042181440581318,c6,Vinod Gupta,7190746284,2025-08-16T00:00:00.000Z
161597991299711296910560,c7,Karan Tripathi,8056351185,2025-02-09T00:00:00.000Z
530149773766701943248409,c8,Nikhil Singh,9950657745,2026-03-24T00:00:00.000Z
774712247287789146520586,c9,Naresh Ansari,7865632303,2025-10-17T00:00:00.000Z
966446866874785952682579,c10,Amit Ansari,9152977807,2025-06-08T00:00:00.000Z
807349094845183360589677,c11,Sanjay Ansari,7836153120,2025-11-06T00:00:00.000Z
814918516612252674429843,c12,Vinod Mishra,9680561268,2025-04-08T00:00:00.000Z
297917771719360679758588,c13,Sunil Singh,8559533276,2025-07-12T00:00:00.000Z
871116076507678151198878,c14,Naresh Agarwal,7319191770,2026-03-09T00:00:00.000Z
782016197629216484197481,c15,Deepak Sharma,8707498073,2025-08-05T00:00:00.000Z
379998500356371250655467,c16,Sunil Tiwari,7113302934,2025-08-24T00:00:00.000Z
113877266407440945551095,c17,Ankit Khan,7538910171,2026-02-07T00:00:00.000Z
668123332676750944678717,c18,Sanjay Ali,9627238578,2025-05-24T00:00:00.000Z
304396788694279434044278,c19,Vikas Ali,8010385622,2025-09-08T00:00:00.000Z
272965653129226703620305,c20,Harish Ali,7098929445,2025-06-25T00:00:00.000Z
489123780957314667308930,c21,Suresh Joshi,9196853580,2026-03-15T00:00:00.000Z
877121347599480153854173,c22,Lokesh Pathak,7302502533,2025-03-08T00:00:00.000Z
867071867047288357900846,c23,Harish Ansari,9156880942,2025-08-22T00:00:00.000Z
519341854497483959402463,c24,Gaurav Tripathi,9469509512,2025-12-10T00:00:00.000Z
285524023676767364067797,c25,Nikhil Tripathi,8671625013,2026-03-16T00:00:00.000Z
613145712919873008729335,c26,Yogesh Joshi,8412771221,2025-09-15T00:00:00.000Z
415038886517350635055791,c27,Arjun Kumar,8912858865,2025-05-15T00:00:00.000Z
908791718628882580048587,c28,Yogesh Khan,9786663847,2025-09-06T00:00:00.000Z
531625651721073328537386,c29,Ram Singh,8584553650,2025-12-28T00:00:00.000Z
863725185878295060132647,c30,Harish Sharma,9518079045,2026-01-17T00:00:00.000Z
469435109137210691397148,c31,Lokesh Saxena,9578747912,2026-03-18T00:00:00.000Z
254619607300610264283134,c32,Pankaj Sharma,9440626656,2025-10-16T00:00:00.000Z
421238710382825027028015,c33,Gaurav Khan,7531913530,2025-11-02T00:00:00.000Z
210564728257133082718668,c34,Manish Tripathi,8127249355,2025-05-18T00:00:00.000Z
870358942825036517747620,c35,Vijay Ansari,7952984827,2025-07-16T00:00:00.000Z
871902971736476483490633,c36,Iqbal Agarwal,7434587360,2025-08-04T00:00:00.000Z
322636630509011536411367,c37,Harish Joshi,9160091765,2025-07-01T00:00:00.000Z
967042634100805811448258,c38,Mahesh Singh,7649320734,2025-05-29T00:00:00.000Z
516734005558066591347943,c39,Suresh Pathak,8554006109,2026-02-12T00:00:00.000Z
485381524219989126299990,c40,Pankaj Tiwari,7982995459,2025-06-25T00:00:00.000Z
732289169574334582357284,c41,Vikas Pathak,9452993540,2025-02-18T00:00:00.000Z
942053517218588597969995,c42,Sanjay Agarwal,7635957260,2025-06-19T00:00:00.000Z
854553731292806691969794,c43,Ram Mishra,8560829104,2025-04-12T00:00:00.000Z
583960728502056940975330,c44,Pankaj Agarwal,8901152711,2025-11-30T00:00:00.000Z
724396044748896213912314,c45,Vikas Rajput,9294964733,2025-12-10T00:00:00.000Z
709908700462784374543487,c46,Gaurav Yadav,7056075494,2025-06-29T00:00:00.000Z
879267230566821046404882,c47,Arjun Joshi,7954565992,2025-09-27T00:00:00.000Z
487294919300736198519283,c48,Nikhil Yadav,9574720759,2026-01-29T00:00:00.000Z
480905768573956866824858,c49,Deepak Ali,9066468445,2025-08-15T00:00:00.000Z
431444997332738747493759,c50,Yogesh Saxena,7485782021,2025-09-16T00:00:00.000Z
433314559676646570384292,c51,Amit Tripathi,8857745506,2025-05-28T00:00:00.000Z
305307929627869726762295,c52,Naresh Sharma,8682861332,2025-06-01T00:00:00.000Z
355801740840700298148422,c53,Mohit Ali,8566011405,2025-10-27T00:00:00.000Z
936633678100534961688561,c54,Karan Yadav,9830075871,2025-09-02T00:00:00.000Z
156440465927568156276983,c55,Pankaj Khan,8647334649,2026-02-22T00:00:00.000Z
313026809795403977190647,c56,Ankit Chaudhary,8774772666,2025-08-18T00:00:00.000Z
767172616019962647026688,c57,Rakesh Tripathi,8929880505,2025-04-07T00:00:00.000Z
659417931062226596092343,c58,Mohit Verma,8193563345,2025-02-09T00:00:00.000Z
521454840999825212816383,c59,Ram Rajput,8946265848,2025-08-26T00:00:00.000Z
428753457476612795775482,c60,Rohit Chaudhary,7473264354,2025-12-14T00:00:00.000Z
899096481089368841811457,c61,Lokesh Tripathi,8499119625,2025-04-26T00:00:00.000Z
468230839038021376781083,c62,Iqbal Pandey,8453725207,2025-05-27T00:00:00.000Z
844046563886181858985906,c63,Karan Mishra,8847978088,2025-10-03T00:00:00.000Z
434613866937712634649311,c64,Suresh Saxena,8918127593,2025-07-08T00:00:00.000Z
787821852495274583205221,c65,Mahesh Gupta,9129689652,2025-02-22T00:00:00.000Z
468988072212237261088491,c66,Pankaj Pandey,9434388522,2025-02-25T00:00:00.000Z
632887261354968536524028,c67,Yogesh Chaudhary,7330994038,2025-11-24T00:00:00.000Z
193820790537378361500223,c68,Karan Chaudhary,9886607923,2025-05-28T00:00:00.000Z
726289269411261246797931,c69,Amit Chaudhary,8161669349,2025-05-01T00:00:00.000Z
971282334377253868975645,c70,Rakesh Yadav,9381987836,2025-01-03T00:00:00.000Z
689147406383146459668870,c71,Suresh Yadav,7920033402,2025-10-17T00:00:00.000Z
518045859006151310556304,c72,Harish Saxena,8630998173,2025-11-03T00:00:00.000Z
895950751117908032138233,c73,Suresh Ansari,9549826782,2025-06-08T00:00:00.000Z
800270449328684765335706,c74,Manish Sinha,8375615718,2025-07-24T00:00:00.000Z
231091398815138973242798,c75,Nikhil Saxena,9638450876,2025-10-05T00:00:00.000Z
197130233357342104771051,c76,Ajay Yadav,9329366462,2026-01-12T00:00:00.000Z
247175752955332233443485,c77,Nikhil Khan,7106610909,2026-02-19T00:00:00.000Z
131535839622627726560789,c78,Amit Kumar,8520087156,2025-04-03T00:00:00.000Z
181472058799023306346341,c79,Manish Sharma,9711954392,2025-07-23T00:00:00.000Z
126765070238906916052919,c80,Dinesh Tiwari,7607780659,2025-03-11T00:00:00.000Z
527168939847665570506981,c81,Arjun Verma,9665597722,2025-06-03T00:00:00.000Z
754935961148655313987562,c82,Mohammad Khan,9187339720,2025-03-16T00:00:00.000Z
794867861929987896522226,c83,Mahesh Tripathi,8781665753,2025-04-16T00:00:00.000Z
737592090575138850021595,c84,Ram Sinha,8171733375,2025-06-14T00:00:00.000Z
884763867501628810366122,c85,Rakesh Mishra,9197759560,2025-09-20T00:00:00.000Z
611478109132427964489787,c86,Mahesh Sharma,9459395961,2025-01-15T00:00:00.000Z
439802053486977016679932,c87,Dinesh Yadav,7777564991,2025-12-06T00:00:00.000Z
883456662039177919387792,c88,Sanjay Saxena,7139018398,2025-07-20T00:00:00.000Z
380279078835730210497626,c89,Prakash Tiwari,8227143202,2025-12-11T00:00:00.000Z
920813600155941701843943,c90,Lokesh Gupta,9724699810,2025-01-19T00:00:00.000Z
263770847755385677161178,c91,Naresh Verma,8825465689,2025-08-03T00:00:00.000Z
157871266500948611603185,c92,Deepak Ansari,7987366094,2025-04-23T00:00:00.000Z
188556548302176099072588,c93,Vikas Gupta,7401676729,2025-10-26T00:00:00.000Z
933396135714700127934286,c94,Vinod Rajput,8529644594,2025-11-19T00:00:00.000Z
396918244819825823181747,c95,Karan Singh,9986206314,2026-01-21T00:00:00.000Z
653243252984030000059224,c96,Iqbal Singh,7073158946,2025-08-24T00:00:00.000Z
818170281514810502175665,c97,Karan Ansari,8450117752,2025-05-30T00:00:00.000Z
705892177437750744445491,c98,Iqbal Khan,9218744752,2025-08-25T00:00:00.000Z
364662534460551244343723,c99,Mohammad Singh,7035718343,2025-04-02T00:00:00.000Z
136391217184230903067950,c100,Amit Sharma,7011021871,2025-02-26T00:00:00.000Z
814823309104169614322646,c101,Pankaj Rajput,7803138807,2025-12-16T00:00:00.000Z
543287048327683176346159,c102,Arjun Ansari,8698451676,2025-06-03T00:00:00.000Z
148127044135065972738410,c103,Arjun Gupta,9514371886,2025-11-03T00:00:00.000Z
928642995739496055495236,c104,Rohit Pandey,7443666897,2026-01-26T00:00:00.000Z
457480912788465701839225,c105,Naresh Joshi,7376712900,2025-03-30T00:00:00.000Z
251198916906358756099161,c106,Karan Ali,7581242238,2025-11-26T00:00:00.000Z
434913197478640972951754,c107,Ram Verma,8794971545,2025-08-01T00:00:00.000Z
217415228740169370692011,c108,Suresh Singh,8025752718,2026-01-02T00:00:00.000Z
241287437760448568474599,c109,Deepak Agarwal,9268009387,2026-02-20T00:00:00.000Z
973184954025146059306951,c110,Dinesh Khan,7150524767,2025-08-24T00:00:00.000Z
385137816043993111802594,c111,Prakash Chaudhary,7491076883,2025-09-23T00:00:00.000Z
402713738669717221699424,c112,Vijay Joshi,8059681917,2025-09-14T00:00:00.000Z
323775622847209087561777,c113,Ankit Singh,9908083252,2026-03-08T00:00:00.000Z
490485278805140019440326,c114,Ram Pandey,8836115241,2025-10-17T00:00:00.000Z
541865867594194055849218,c115,Mohammad Joshi,9908690472,2025-08-11T00:00:00.000Z
869241871909737617986277,c116,Rahul Singh,9496822928,2025-03-12T00:00:00.000Z
384687845030395075077935,c117,Sanjay Pathak,8954601291,2025-06-22T00:00:00.000Z
331883294284744948446057,c118,Deepak Mishra,7263624180,2025-10-14T00:00:00.000Z
645637829450134733732900,c119,Vijay Tiwari,8892235971,2025-09-14T00:00:00.000Z
450401261727140786778349,c120,Harish Tiwari,9388233209,2025-10-19T00:00:00.000Z
780576594081841112485296,c121,Ajay Rajput,9796066719,2025-09-12T00:00:00.000Z
853292056691876892448626,c122,Ram Pathak,7459533452,2025-10-12T00:00:00.000Z
811713197208616658111787,c123,Rohit Joshi,7044794646,2025-03-19T00:00:00.000Z
635315609831012487451339,c124,Arjun Sinha,8236764302,2025-12-07T00:00:00.000Z
636333407585773710349073,c125,Manish Kumar,7618520549,2025-06-14T00:00:00.000Z
206753994484105577455569,c126,Dinesh Pathak,8860535092,2025-03-25T00:00:00.000Z
197516734245109470286532,c127,Ram Gupta,9665861587,2025-09-11T00:00:00.000Z
461575492223080580476903,c128,Gaurav Rajput,7735019262,2026-01-17T00:00:00.000Z
685458809907513053053454,c129,Rohit Yadav,8235678349,2026-02-06T00:00:00.000Z
969150459306919833719486,c130,Vinod Ansari,7152588128,2026-01-16T00:00:00.000Z
260821098869482884590036,c131,Sunil Ali,7500183207,2025-09-30T00:00:00.000Z
867565294640910418133956,c132,Mohammad Pathak,9849856087,2025-08-10T00:00:00.000Z
454748479644214039765311,c133,Rakesh Ansari,9894167101,2026-02-25T00:00:00.000Z
937059759669844518731001,c134,Suresh Tiwari,9458948966,2025-11-24T00:00:00.000Z
711919916297994573552557,c135,Rakesh Pandey,9151689148,2025-05-16T00:00:00.000Z
208100845956834331780808,c136,Dinesh Mishra,7383318736,2025-10-02T00:00:00.000Z
872903272630451383181502,c137,Mahesh Mishra,9169163628,2026-02-02T00:00:00.000Z
515108702148252505750728,c138,Dinesh Pandey,9061631722,2025-06-19T00:00:00.000Z
765631107811718853828256,c139,Ajay Pandey,7533816181,2025-04-13T00:00:00.000Z
126868467948072043277524,c140,Vinod Agarwal,7256847262,2025-10-04T00:00:00.000Z
709291715801438275213801,c141,Yogesh Pandey,9140728660,2025-09-03T00:00:00.000Z
438029307918747445899444,c142,Mahesh Joshi,7493486520,2025-09-30T00:00:00.000Z
598025373690696017212430,c143,Mahesh Agarwal,7385698107,2025-12-19T00:00:00.000Z
445981655898014743948455,c144,Mahesh Chaudhary,8998505564,2025-06-23T00:00:00.000Z
204048952999570068759741,c145,Iqbal Joshi,9061354033,2025-07-31T00:00:00.000Z
183437556350791531221752,c146,Karan Pathak,7721750776,2025-12-21T00:00:00.000Z
783171305138390458007695,c147,Rahul Tripathi,7578083832,2025-07-07T00:00:00.000Z
809959360855661646744188,c148,Dinesh Chaudhary,9663648880,2025-08-01T00:00:00.000Z
803721865100339632860180,c149,Rahul Tiwari,9528124265,2025-12-11T00:00:00.000Z
105817221697773601096009,c150,Karan Verma,7331893542,2025-07-26T00:00:00.000Z
253833058206568973154736,c151,Prakash Pathak,8703596610,2025-08-08T00:00:00.000Z
313065923410096103377606,c152,Rohit Agarwal,9738854982,2025-09-08T00:00:00.000Z
937735501100438727193071,c153,Arjun Yadav,8001506032,2025-11-09T00:00:00.000Z
275459024617734789578329,c154,Mohit Saxena,7823953550,2026-01-06T00:00:00.000Z
128327792793339803459266,c155,Vijay Agarwal,8946640745,2025-12-31T00:00:00.000Z
525549776062642860974121,c156,Rahul Verma,7392469404,2025-01-29T00:00:00.000Z
104108201038562679909634,c157,Lokesh Singh,8720150609,2025-06-10T00:00:00.000Z
471226771367998925734024,c158,Vikas Mishra,8624089958,2026-02-25T00:00:00.000Z
894808393255242214635052,c159,Arjun Rajput,8519359781,2025-02-11T00:00:00.000Z
498395599883057090829869,c160,Dinesh Tripathi,9572610817,2025-04-17T00:00:00.000Z
164045411500689841197878,c161,Vikas Kumar,8344880326,2025-05-16T00:00:00.000Z
215844344072030656695710,c162,Amit Saxena,7146544579,2025-11-08T00:00:00.000Z
959391251897494617645082,c163,Sanjay Chaudhary,7932526304,2025-10-10T00:00:00.000Z
840974018478404152419877,c164,Rakesh Tiwari,7337286667,2025-09-07T00:00:00.000Z
544912050868547519492774,c165,Nikhil Sharma,8362626135,2025-07-30T00:00:00.000Z
578332640991160053937139,c166,Ankit Verma,7166254141,2026-03-03T00:00:00.000Z
783905528280138122929617,c167,Deepak Saxena,8755600089,2025-10-17T00:00:00.000Z
861105571677372680984986,c168,Manish Joshi,7926395843,2025-01-06T00:00:00.000Z
378400221338827781313099,c169,Vinod Tripathi,7184588513,2025-10-19T00:00:00.000Z
386717652557398153055746,c170,Rohit Sinha,8905501236,2025-06-08T00:00:00.000Z
121197985514472539405506,c171,Rahul Saxena,7837288409,2025-01-17T00:00:00.000Z
831496235731396220766149,c172,Manish Gupta,7999226453,2025-09-16T00:00:00.000Z
146820801308165276578972,c173,Yogesh Rajput,7214585123,2025-06-04T00:00:00.000Z
149440075814142956602432,c174,Ajay Sinha,7227145294,2025-02-06T00:00:00.000Z
797313524908007623074304,c175,Dinesh Agarwal,7997122242,2025-05-17T00:00:00.000Z
520748304035664403334279,c176,Sanjay Verma,8532581442,2025-06-12T00:00:00.000Z
916765795803616699209672,c177,Lokesh Yadav,9869930463,2025-12-13T00:00:00.000Z
324328564554580236175356,c178,Ram Joshi,7615827226,2025-10-15T00:00:00.000Z
976270279544167406406862,c179,Amit Mishra,8275381116,2026-02-09T00:00:00.000Z
581039652753004463738720,c180,Manish Pathak,8596682978,2025-03-02T00:00:00.000Z
104936831611235201572639,c181,Pankaj Joshi,9378434521,2025-09-13T00:00:00.000Z
478610928533124565920977,c182,Mohammad Tiwari,7107583398,2026-03-16T00:00:00.000Z
644914653084416869995243,c183,Deepak Chaudhary,9706239875,2025-11-16T00:00:00.000Z
469705862232461770978215,c184,Naresh Singh,7175850340,2025-03-25T00:00:00.000Z
176624514916747139747098,c185,Arjun Mishra,8338894730,2025-11-11T00:00:00.000Z
902015606068544380782022,c186,Iqbal Ansari,8376052230,2025-07-22T00:00:00.000Z
539281430355321678040607,c187,Yogesh Pathak,7904981987,2025-01-22T00:00:00.000Z
552008218010313083790306,c188,Rahul Chaudhary,9104234920,2025-08-13T00:00:00.000Z
889774234337665197306667,c189,Manish Ali,7209703783,2026-02-07T00:00:00.000Z
217773901071239093864332,c190,Iqbal Tripathi,8251129322,2025-01-02T00:00:00.000Z
504063494279608675034885,c191,Mohammad Verma,8805209292,2025-02-19T00:00:00.000Z
985216813629148789144896,c192,Yogesh Tripathi,8484285010,2025-04-26T00:00:00.000Z
589870013761619260898454,c193,Rakesh Verma,8631794748,2025-11-23T00:00:00.000Z
866135273776403372567818,c194,Gaurav Gupta,7707670362,2025-05-07T00:00:00.000Z
141817707551374012269458,c195,Dinesh Ansari,8100509135,2025-01-04T00:00:00.000Z
703871692839961104791026,c196,Gaurav Agarwal,7426796281,2025-08-10T00:00:00.000Z
240733301313572068527813,c197,Nikhil Pathak,7333126692,2025-04-04T00:00:00.000Z
629665974958570838330583,c198,Mohit Tripathi,8353515803,2025-02-23T00:00:00.000Z
730220143828511804596011,c199,Gaurav Verma,9902569603,2025-04-25T00:00:00.000Z
772005070308246284978690,c200,Naresh Saxena,9329341948,2025-12-10T00:00:00.000Z
800083576844458914784440,c201,Dinesh Sinha,8220992839,2025-01-12T00:00:00.000Z
263114081476732401109429,c202,Iqbal Saxena,7852184164,2025-12-02T00:00:00.000Z
875383453549627707575696,c203,Lokesh Sinha,9024241536,2026-02-04T00:00:00.000Z
453510619393933998881094,c204,Vikas Chaudhary,7355449167,2026-03-17T00:00:00.000Z
363202739393597013896598,c205,Pankaj Saxena,9780677099,2025-05-21T00:00:00.000Z
380525187840662730327677,c206,Yogesh Ali,8099192066,2025-01-08T00:00:00.000Z
601383182743958567690926,c207,Mohammad Pandey,8927362252,2026-01-12T00:00:00.000Z
507393688200691699782437,c208,Suresh Rajput,9920906447,2025-06-01T00:00:00.000Z
337809195836501623713660,c209,Yogesh Gupta,8730870647,2025-05-11T00:00:00.000Z
660543214319177130374155,c210,Amit Singh,8168382522,2025-08-30T00:00:00.000Z
776713062674440762594977,c211,Karan Khan,8377550169,2025-05-08T00:00:00.000Z
476164672113764162176182,c212,Rakesh Joshi,8951206543,2026-01-02T00:00:00.000Z
139514466634710892147010,c213,Vinod Yadav,9481127959,2025-05-30T00:00:00.000Z
235515015901527318062432,c214,Ankit Pathak,7700230269,2025-06-30T00:00:00.000Z
414070459889240792259115,c215,Pankaj Chaudhary,9068676920,2025-09-05T00:00:00.000Z
101167569804665547871588,c216,Mahesh Pathak,8315620131,2025-07-14T00:00:00.000Z
108012268130396771412122,c217,Mohit Mishra,9193913913,2025-12-06T00:00:00.000Z
759488919285166665189500,c218,Vinod Saxena,7326934962,2025-10-25T00:00:00.000Z
575704858075807110894838,c219,Ankit Gupta,8196008778,2026-01-20T00:00:00.000Z
808366121592430471850248,c220,Iqbal Ali,8006971266,2025-12-04T00:00:00.000Z
244944028732868261410847,c221,Prakash Mishra,7320291805,2026-02-09T00:00:00.000Z
965814506602945689462193,c222,Rakesh Agarwal,9932110979,2025-05-04T00:00:00.000Z
527256640621710675520031,c223,Prakash Yadav,9784133427,2025-11-29T00:00:00.000Z
206807690799246219609656,c224,Iqbal Rajput,7675862302,2026-01-30T00:00:00.000Z
429619365849220667378849,c225,Iqbal Sinha,8885570800,2025-12-19T00:00:00.000Z
852812406611548308848046,c226,Rohit Ansari,8615488580,2025-04-19T00:00:00.000Z
988917728097475502999347,c227,Harish Verma,7750504041,2025-11-18T00:00:00.000Z
275794205352951492364912,c228,Rohit Verma,8456538518,2025-05-30T00:00:00.000Z
316575987648133149312303,c229,Ajay Saxena,8634009087,2025-09-05T00:00:00.000Z
178273254645039512851983,c230,Mohammad Sinha,9031769053,2025-02-17T00:00:00.000Z
908356350795020708013081,c231,Mohammad Rajput,7439688061,2025-08-22T00:00:00.000Z
626769644768497289679101,c232,Vijay Singh,8622538764,2025-09-04T00:00:00.000Z
863903593832429504164873,c233,Manish Yadav,9375748749,2025-04-29T00:00:00.000Z
390552854581748303865169,c234,Naresh Kumar,8966755147,2025-07-16T00:00:00.000Z
447884358491515933790509,c235,Prakash Gupta,8407822148,2025-10-13T00:00:00.000Z
654742686976832920332995,c236,Iqbal Gupta,8294990354,2025-11-20T00:00:00.000Z
778965447049036098452131,c237,Arjun Agarwal,9111455683,2025-02-19T00:00:00.000Z
810798569029971961983016,c238,Pankaj Mishra,7588015286,2025-02-20T00:00:00.000Z
987255552335825978260665,c239,Mahesh Rajput,9444210145,2025-08-22T00:00:00.000Z
148557942555655783217168,c240,Vikas Joshi,9194718489,2025-05-30T00:00:00.000Z
782732981864393560803118,c241,Mahesh Yadav,9802081901,2025-08-05T00:00:00.000Z
178132973350712534186425,c242,Prakash Ansari,7121512157,2025-02-19T00:00:00.000Z
390570549214398069457379,c243,Ankit Sinha,8158746026,2025-09-27T00:00:00.000Z
158406182059223597835696,c244,Ajay Singh,7377033448,2025-06-01T00:00:00.000Z
603776090398319563674025,c245,Rakesh Sinha,9358700955,2025-05-01T00:00:00.000Z
298704012577707223047211,c246,Sunil Verma,7905430866,2025-01-08T00:00:00.000Z
166528633324151198350293,c247,Yogesh Sinha,9713591699,2026-03-02T00:00:00.000Z
696329311823047636685116,c248,Vinod Khan,7959187434,2025-11-05T00:00:00.000Z
842667805277404977284222,c249,Amit Pathak,7672626463,2025-11-16T00:00:00.000Z
335317757191400964881482,c250,Suresh Ali,9329892338,2026-01-06T00:00:00.000Z
118277935712169240072192,c251,Ankit Yadav,9404638550,2025-08-20T00:00:00.000Z
136457624826489790076434,c252,Yogesh Sharma,8456302361,2025-04-30T00:00:00.000Z
725632585123442225772389,c253,Vikas Tiwari,9082428511,2025-05-28T00:00:00.000Z
296776832689616355512546,c254,Suresh Verma,7741568547,2025-02-24T00:00:00.000Z
472713016844827336643439,c255,Mahesh Sinha,9012125751,2025-07-23T00:00:00.000Z
372285969368911906011489,c256,Sunil Joshi,8467949794,2025-08-03T00:00:00.000Z
588671809568948668082094,c257,Naresh Ali,9743243128,2025-07-29T00:00:00.000Z
696312777804718272080271,c258,Gaurav Kumar,9857430875,2025-11-25T00:00:00.000Z
937044823645291255211021,c259,Naresh Yadav,8702070264,2025-01-15T00:00:00.000Z
321393579730656923046537,c260,Mohit Pathak,7313415621,2025-04-01T00:00:00.000Z
911661042490692372384417,c261,Arjun Chaudhary,7787552792,2025-07-13T00:00:00.000Z
240085070722879706794668,c262,Ajay Khan,8814825623,2025-02-06T00:00:00.000Z
476166302051254994197501,c263,Rohit Mishra,9459199480,2025-01-10T00:00:00.000Z
698040250177539520336137,c264,Manish Ansari,7513468928,2025-07-21T00:00:00.000Z
299026602837162828497006,c265,Naresh Chaudhary,7280717781,2025-06-17T00:00:00.000Z
936793347781216366103000,c266,Vijay Tripathi,9537349757,2025-08-13T00:00:00.000Z
223250473801752146266632,c267,Vijay Gupta,8161784585,2025-04-28T00:00:00.000Z
535194309270236736899109,c268,Ram Saxena,9891642556,2026-03-05T00:00:00.000Z
719032889528109512636260,c269,Iqbal Tiwari,9184027015,2025-09-22T00:00:00.000Z
211917380957986855126506,c270,Sanjay Joshi,9511818656,2025-04-18T00:00:00.000Z
441561919265336100234894,c271,Rahul Kumar,8704895915,2025-06-01T00:00:00.000Z
693081340459276467770311,c272,Rahul Sinha,9810292746,2025-04-19T00:00:00.000Z
422546055016001548823750,c273,Rahul Pathak,9618743767,2025-01-16T00:00:00.000Z
233175182581403801041965,c274,Vijay Pathak,8887376154,2025-07-24T00:00:00.000Z
527956018126404647971306,c275,Mohit Yadav,7995098276,2025-09-02T00:00:00.000Z
844339583935275585676085,c276,Sunil Pandey,7643429696,2025-12-10T00:00:00.000Z
766686995844398859048901,c277,Harish Mishra,9868804462,2025-04-11T00:00:00.000Z
762768202329202431474396,c278,Suresh Kumar,8367250935,2025-05-05T00:00:00.000Z
762710326316052573408756,c279,Lokesh Ali,9666171847,2025-12-31T00:00:00.000Z
891754748385074654752875,c280,Karan Saxena,8255909298,2025-05-29T00:00:00.000Z
162736704045483405515383,c281,Harish Kumar,9937629700,2025-12-22T00:00:00.000Z
701592675596620210089502,c282,Ankit Ali,7265609268,2025-05-24T00:00:00.000Z
978900652121974405899960,c283,Karan Tiwari,8157360615,2026-03-21T00:00:00.000Z
768065551012383018658756,c284,Naresh Pathak,9703496617,2025-07-04T00:00:00.000Z
832731079837070899715863,c285,Rohit Pathak,9533051558,2025-05-10T00:00:00.000Z
340152651907289911148163,c286,Ajay Joshi,8850794940,2026-02-20T00:00:00.000Z
543573103515590844063612,c287,Ram Kumar,9385707104,2026-03-24T00:00:00.000Z
580575579594530840775269,c288,Iqbal Sharma,8346726317,2025-01-16T00:00:00.000Z
936173389588773650023679,c289,Sanjay Pandey,8797967455,2025-02-01T00:00:00.000Z
891871120691187721542844,c290,Sanjay Tripathi,8020884446,2025-02-16T00:00:00.000Z
488270923443366353921820,c291,Vinod Tiwari,7540196357,2025-08-31T00:00:00.000Z
550041869650766780817989,c292,Vinod Verma,7058238287,2025-04-26T00:00:00.000Z
412179809681736284339733,c293,Manish Mishra,8749606252,2025-09-21T00:00:00.000Z
256656563358259460034479,c294,Prakash Khan,8862400612,2025-11-06T00:00:00.000Z
584465271360956425384854,c295,Prakash Agarwal,9399572600,2026-02-16T00:00:00.000Z
745758099791225278151415,c296,Rohit Saxena,7675864634,2025-08-27T00:00:00.000Z
504423666351635979989158,c297,Ankit Agarwal,8846608065,2026-01-15T00:00:00.000Z
889084288397644091766843,c298,Prakash Verma,7239037296,2025-07-05T00:00:00.000Z
574939919341847001286385,c299,Amit Ali,7057038579,2025-01-24T00:00:00.000Z
272931037819472827684331,c300,Lokesh Chaudhary,9232943289,2026-03-16T00:00:00.000Z
566084800618634017363715,c301,Vinod Kumar,7884052227,2026-02-09T00:00:00.000Z
516886344612647775794012,c302,Deepak Singh,9434874597,2025-05-17T00:00:00.000Z
696328509548520955624181,c303,Nikhil Ansari,7712331208,2025-06-30T00:00:00.000Z
304303962792172003905547,c304,Vijay Khan,8908761853,2026-01-27T00:00:00.000Z
326912101613772462446567,c305,Suresh Tripathi,8989572786,2026-02-28T00:00:00.000Z
900411746145198443401132,c306,Lokesh Pandey,8350461980,2025-11-12T00:00:00.000Z
768008848601880531124095,c307,Gaurav Sharma,7557255151,2025-01-28T00:00:00.000Z
935710058916307303300991,c308,Vinod Pandey,7075965098,2025-10-10T00:00:00.000Z
205822020785661196877810,c309,Rahul Ali,8874352794,2025-02-01T00:00:00.000Z
587382615658159763905608,c310,Karan Gupta,7693660827,2026-01-09T00:00:00.000Z
310907686950463653048550,c311,Ram Ali,8427897478,2025-10-07T00:00:00.000Z
424589371806148567333611,c312,Vijay Kumar,8351686469,2025-06-06T00:00:00.000Z
862674499108282704968430,c313,Ajay Agarwal,8548583085,2025-02-04T00:00:00.000Z
643290221807750492023499,c314,Arjun Pathak,7946350056,2025-06-28T00:00:00.000Z
651976038058920320828302,c315,Vikas Khan,7899547151,2025-06-12T00:00:00.000Z
934252696808038776622822,c316,Dinesh Verma,9330497176,2025-01-05T00:00:00.000Z
886887385391957078134004,c317,Deepak Verma,8296128739,2025-08-29T00:00:00.000Z
826883300262752296658159,c318,Mohammad Ansari,8729841841,2025-03-31T00:00:00.000Z
177187875587581001890163,c319,Rohit Singh,9841628723,2025-07-04T00:00:00.000Z
802961043120021167763070,c320,Rohit Gupta,8460232665,2025-09-25T00:00:00.000Z
858644077878268411419363,c321,Pankaj Verma,8850622879,2025-12-09T00:00:00.000Z
152362937039990833388452,c322,Mohammad Gupta,9760215162,2025-06-26T00:00:00.000Z
839006540355912381692651,c323,Karan Kumar,8096060264,2026-02-22T00:00:00.000Z
147009222205332108096360,c324,Pankaj Yadav,9808339930,2025-12-19T00:00:00.000Z
438002432317992129792924,c325,Ram Sharma,9376290929,2025-12-05T00:00:00.000Z
294686796706178964825793,c326,Prakash Singh,8815600467,2025-01-09T00:00:00.000Z
750050434328994557920446,c327,Dinesh Singh,8729699870,2025-09-11T00:00:00.000Z
995840102816640856342123,c328,Nikhil Pandey,7072945263,2025-11-24T00:00:00.000Z
578058952159113872923785,c329,Vijay Chaudhary,7578930871,2025-02-05T00:00:00.000Z
361082735507940401420800,c330,Vijay Verma,8237800113,2025-10-30T00:00:00.000Z
716088262922949804235278,c331,Rakesh Khan,9171549884,2025-12-07T00:00:00.000Z
311739458540191095445833,c332,Sunil Mishra,8546339795,2025-08-30T00:00:00.000Z
481024990524527808992126,c333,Ajay Kumar,8009286549,2025-06-05T00:00:00.000Z
812805784031540668403913,c334,Vijay Mishra,8130639091,2026-01-17T00:00:00.000Z
365312118205240444458005,c335,Yogesh Yadav,8470585777,2025-05-06T00:00:00.000Z
165404527746659625332572,c336,Sanjay Mishra,9441601518,2026-02-18T00:00:00.000Z
909091415683034037924097,c337,Vikas Yadav,9891906018,2025-12-13T00:00:00.000Z
136651648147274940207315,c338,Ankit Rajput,8981067772,2025-07-26T00:00:00.000Z
275042564472281437042506,c339,Nikhil Mishra,8435915303,2025-12-11T00:00:00.000Z
429242329055126312533266,c340,Gaurav Ali,7384508573,2025-04-05T00:00:00.000Z
854143290594633398315066,c341,Rakesh Ali,7551479229,2025-01-31T00:00:00.000Z
250704689233405673306834,c342,Naresh Gupta,9692572530,2025-01-04T00:00:00.000Z
979446574776650899482876,c343,Mohit Khan,9900373981,2025-09-25T00:00:00.000Z
159303482769581383634147,c344,Vijay Pandey,9645413006,2025-12-30T00:00:00.000Z
828687554596043803765810,c345,Rakesh Pathak,9629247086,2025-01-16T00:00:00.000Z
651658555654257637141497,c346,Ajay Pathak,7663242871,2025-01-04T00:00:00.000Z
693315751201790485781329,c347,Sunil Rajput,9912595589,2025-04-20T00:00:00.000Z
849658231067974041436689,c348,Sunil Saxena,7666872083,2025-08-15T00:00:00.000Z
544316958924227997074469,c349,Sunil Agarwal,8163286625,2025-01-24T00:00:00.000Z
739925187000932413546866,c350,Ankit Ansari,8524244177,2026-03-12T00:00:00.000Z
457673529912301906604760,c351,Naresh Tripathi,8571338579,2025-05-01T00:00:00.000Z
604862080426046531642919,c352,Amit Yadav,8908079397,2025-06-01T00:00:00.000Z
421954289604397780221093,c353,Manish Chaudhary,8935656089,2025-06-10T00:00:00.000Z
733634831315355790340399,c354,Mahesh Verma,8683530898,2025-05-18T00:00:00.000Z
639420355781995552302936,c355,Arjun Pandey,7389019322,2025-06-18T00:00:00.000Z
746581723472796946068152,c356,Suresh Sinha,8130854741,2025-01-02T00:00:00.000Z
997924480582976723253833,c357,Pankaj Singh,9826208691,2025-09-05T00:00:00.000Z
887285821235828704345994,c358,Ram Tripathi,8347924118,2025-08-05T00:00:00.000Z
789580922999727124269900,c359,Dinesh Rajput,8837477975,2026-01-13T00:00:00.000Z
458501555593172218301435,c360,Ankit Pandey,8238019409,2025-07-02T00:00:00.000Z
609878693411759774944889,c361,Manish Verma,8677191796,2026-01-23T00:00:00.000Z
563673855760180485983621,c362,Ajay Tiwari,7883660502,2025-11-22T00:00:00.000Z
825510131037667176688601,c363,Gaurav Ansari,8224206497,2025-08-27T00:00:00.000Z
395924620259116757885547,c364,Sanjay Khan,7303727669,2026-01-07T00:00:00.000Z
655377775938466434986930,c365,Harish Chaudhary,8132822458,2025-05-20T00:00:00.000Z
454439646037753211617466,c366,Ankit Tripathi,8955142513,2026-03-20T00:00:00.000Z
419404646818781174629776,c367,Mohammad Yadav,9316464006,2025-03-19T00:00:00.000Z
615543621701344166799882,c368,Sanjay Tiwari,7798787091,2026-01-11T00:00:00.000Z
883824383458362244882487,c369,Rohit Tiwari,7371408261,2025-08-28T00:00:00.000Z
803723249365023245253944,c370,Suresh Chaudhary,7725803055,2025-04-17T00:00:00.000Z
347502604009595071020649,c371,Karan Sharma,9452265008,2025-12-10T00:00:00.000Z
574054366623975748924633,c372,Pankaj Pathak,8901925879,2025-11-01T00:00:00.000Z
506025175675975182677151,c373,Mahesh Tiwari,8226361483,2026-03-19T00:00:00.000Z
894522381434304672749890,c374,Pankaj Ali,9295670029,2025-05-17T00:00:00.000Z
758456878034804772757281,c375,Sanjay Kumar,7791297593,2025-07-23T00:00:00.000Z
799106726887373587785805,c376,Harish Singh,8410728451,2025-01-10T00:00:00.000Z
515250969268836035473079,c377,Vijay Rajput,8207421261,2025-03-21T00:00:00.000Z
888368202735325130968323,c378,Nikhil Kumar,8898930428,2025-10-19T00:00:00.000Z
449075562563184811160202,c379,Harish Pandey,9796839257,2025-07-24T00:00:00.000Z
156494282787607370542992,c380,Lokesh Khan,9321899429,2026-01-19T00:00:00.000Z
815306034814743839552924,c381,Naresh Mishra,7060385416,2025-06-20T00:00:00.000Z
881996360284833776110616,c382,Suresh Khan,7881208693,2025-04-19T00:00:00.000Z
504146359267852286540267,c383,Rahul Pandey,9434464349,2025-07-29T00:00:00.000Z
506747614410553692931925,c384,Harish Sinha,8173727636,2025-08-10T00:00:00.000Z
357522948148225020747249,c385,Rohit Khan,9249802906,2025-02-17T00:00:00.000Z
592369861823928773055455,c386,Naresh Rajput,9576045314,2025-02-17T00:00:00.000Z
471773330493244498661793,c387,Mohammad Kumar,7002735889,2025-09-29T00:00:00.000Z
329723040472876827380679,c388,Mohammad Mishra,9307156168,2025-04-29T00:00:00.000Z
850238727799026007477087,c389,Sunil Tripathi,9924287780,2025-05-11T00:00:00.000Z
578495567702352111209089,c390,Yogesh Tiwari,7982968685,2025-04-19T00:00:00.000Z
145918709234899744048579,c391,Nikhil Joshi,7644499881,2025-08-06T00:00:00.000Z
452554053251042149129540,c392,Ankit Mishra,7936255096,2025-10-18T00:00:00.000Z
726578986432746706185321,c393,Rohit Sharma,9215922312,2026-03-12T00:00:00.000Z
726164084314840002874228,c394,Vikas Sharma,9313731457,2025-11-14T00:00:00.000Z
241917659577004644226525,c395,Harish Gupta,9261503971,2025-06-09T00:00:00.000Z
799280913520454543081088,c396,Ram Ansari,7571843678,2025-03-01T00:00:00.000Z
876510407458762672082857,c397,Amit Pandey,9717864786,2026-03-27T00:00:00.000Z
724282268305800747019310,c398,Vinod Sinha,9750108965,2025-12-07T00:00:00.000Z
565852559795270335960087,c399,Dinesh Saxena,9997704015,2025-01-27T00:00:00.000Z
613239102674355112980483,c400,Rahul Yadav,9063259767,2025-04-28T00:00:00.000Z
637621806551028918184116,c401,Yogesh Verma,7357227040,2025-01-24T00:00:00.000Z
878660035351288148297264,c402,Rahul Joshi,8482224485,2025-05-07T00:00:00.000Z
352134377107172369174112,c403,Dinesh Gupta,7465619340,2025-06-25T00:00:00.000Z
574262012303033228607930,c404,Vijay Saxena,7918838879,2025-08-20T00:00:00.000Z
662147412495459013561717,c405,Mohit Ansari,9631232933,2025-06-16T00:00:00.000Z
729153900584149257117663,c406,Sunil Khan,9578273915,2025-12-07T00:00:00.000Z
987802049562732875561930,c407,Deepak Kumar,9871939168,2025-11-28T00:00:00.000Z
900333271698294469532900,c408,Vijay Sharma,9440349813,2025-06-20T00:00:00.000Z
758976872841209612236533,c409,Iqbal Kumar,9453938997,2026-02-25T00:00:00.000Z
479191893509985416370019,c410,Manish Khan,8515712746,2025-07-23T00:00:00.000Z
744886732628752733763147,c411,Deepak Sinha,8289065576,2025-01-26T00:00:00.000Z
491050755885016739236907,c412,Karan Agarwal,8724686073,2025-05-10T00:00:00.000Z
949260899031681141336685,c413,Rohit Kumar,7132955637,2026-03-04T00:00:00.000Z
862135057393140057053381,c414,Manish Tiwari,9314765408,2025-06-30T00:00:00.000Z
886559266911106749806571,c415,Deepak Pandey,9996849775,2025-07-07T00:00:00.000Z
624294180458131265607989,c416,Lokesh Sharma,7577198718,2025-11-02T00:00:00.000Z
944586017973506612374468,c417,Mohit Chaudhary,9604666361,2025-03-30T00:00:00.000Z
283245969655530377333489,c418,Ajay Ali,7187874081,2025-04-13T00:00:00.000Z
511591536534900240828069,c419,Rahul Ansari,9750624997,2026-01-09T00:00:00.000Z
446329149787577314910147,c420,Manish Agarwal,8641113388,2025-12-27T00:00:00.000Z
806787923151266775406459,c421,Pankaj Ansari,9277761549,2025-03-26T00:00:00.000Z
367586105338069628026095,c422,Vinod Ali,9205682250,2025-04-17T00:00:00.000Z
156194699654477187050627,c423,Harish Yadav,7654587993,2025-09-23T00:00:00.000Z
562736710002845003890358,c424,Vijay Yadav,8056006138,2025-06-12T00:00:00.000Z
417390313306447195203347,c425,Gaurav Saxena,9112680027,2026-02-23T00:00:00.000Z
958718509542229273118214,c426,Gaurav Pandey,9590135382,2025-04-26T00:00:00.000Z
447147354241407861746124,c427,Arjun Khan,7343687839,2025-07-11T00:00:00.000Z
900950001002676386002607,c428,Arjun Tiwari,9875959604,2025-10-05T00:00:00.000Z
639265203950174602513119,c429,Vikas Pandey,7548518753,2025-02-07T00:00:00.000Z
951924871739047204558519,c430,Suresh Agarwal,9120836233,2025-08-02T00:00:00.000Z
775016616709871166942595,c431,Amit Rajput,7027186591,2026-01-25T00:00:00.000Z
922899012357117973386914,c432,Vikas Singh,7314812020,2025-11-13T00:00:00.000Z
415629640598244972116473,c433,Prakash Rajput,8893964079,2026-02-08T00:00:00.000Z
241904387025159997129075,c434,Rahul Mishra,9835475891,2025-07-15T00:00:00.000Z
735055143617566641870426,c435,Harish Agarwal,9856154709,2025-11-06T00:00:00.000Z
400229017278340044841022,c436,Ajay Verma,8990261123,2025-10-31T00:00:00.000Z
977484362916007137558149,c437,Nikhil Chaudhary,8259728139,2025-06-10T00:00:00.000Z
572570606777719665828454,c438,Naresh Pandey,9600627014,2026-03-23T00:00:00.000Z
802448593765144200040218,c439,Nikhil Sinha,9515390409,2025-10-15T00:00:00.000Z
571369559439788529684334,c440,Mohit Rajput,7384035587,2025-12-06T00:00:00.000Z
744559774873228217273273,c441,Deepak Pathak,7795834330,2025-08-30T00:00:00.000Z
104616127364306926073049,c442,Vikas Agarwal,8332674536,2025-05-10T00:00:00.000Z
784934763154489903287096,c443,Gaurav Pathak,7627876403,2025-03-22T00:00:00.000Z
164138979282717334199107,c444,Arjun Tripathi,8712763174,2025-01-28T00:00:00.000Z
828789960035926933557000,c445,Harish Pathak,8608508954,2025-04-07T00:00:00.000Z
170063902367090937278202,c446,Ajay Sharma,9863090025,2025-08-15T00:00:00.000Z
426848661506818308075688,c447,Prakash Saxena,9280907248,2025-08-05T00:00:00.000Z
410031512709448128414842,c448,Sanjay Singh,9254039759,2025-06-09T00:00:00.000Z
105258334718046050215182,c449,Pankaj Kumar,7004818777,2026-03-20T00:00:00.000Z
753210343128588011428884,c450,Ankit Sharma,8562155009,2025-10-07T00:00:00.000Z
809042088506427280686279,c451,Vikas Ansari,8534702819,2025-08-08T00:00:00.000Z
564605511488845834731826,c452,Mahesh Ali,7687571117,2025-04-27T00:00:00.000Z
641240434390675399274252,c453,Ankit Kumar,9641334758,2025-11-30T00:00:00.000Z
169489553501830308021534,c454,Mohammad Tripathi,8278695493,2025-12-15T00:00:00.000Z
175916878350369406719410,c455,Vikas Verma,9634827156,2025-06-18T00:00:00.000Z
330120030246586355329467,c456,Yogesh Kumar,9865272052,2025-07-18T00:00:00.000Z
768073783047239352969640,c457,Pankaj Tripathi,7373951417,2025-08-31T00:00:00.000Z
270272248139897875542648,c458,Rohit Tripathi,8770311681,2025-12-27T00:00:00.000Z
386697042539699353921925,c459,Prakash Kumar,7202628535,2025-06-29T00:00:00.000Z
974448623838307634895280,c460,Dinesh Joshi,7577038234,2025-05-01T00:00:00.000Z
283666915485104610781257,c461,Suresh Mishra,9089427290,2026-02-23T00:00:00.000Z
629669366325590734915219,c462,Pankaj Gupta,7545084617,2025-11-05T00:00:00.000Z
649794354984758072360491,c463,Rakesh Sharma,9400949640,2025-08-05T00:00:00.000Z
734862004009225410856556,c464,Naresh Khan,7940680054,2025-10-24T00:00:00.000Z
196474393188925984978543,c465,Sanjay Yadav,8312714938,2026-02-16T00:00:00.000Z
128920336429278255374173,c466,Sunil Kumar,8843637166,2025-01-29T00:00:00.000Z
515722302767449296185594,c467,Ankit Joshi,9688987572,2025-01-20T00:00:00.000Z
648077653584111651770123,c468,Sunil Ansari,7542004095,2025-01-11T00:00:00.000Z
658867930142888210467535,c469,Mahesh Pandey,8466902261,2025-05-19T00:00:00.000Z
434523631998046856288974,c470,Amit Gupta,9704930911,2025-09-23T00:00:00.000Z
666699746529618238552318,c471,Harish Khan,9802419089,2026-01-15T00:00:00.000Z
943019023516915952329040,c472,Mohammad Chaudhary,8717733429,2025-01-27T00:00:00.000Z
670738929515249580015095,c473,Deepak Gupta,8835504072,2025-11-12T00:00:00.000Z
261508342775659947163633,c474,Vinod Sharma,9106584741,2025-12-23T00:00:00.000Z
115857502224599380608709,c475,Mohammad Saxena,8425160496,2025-03-28T00:00:00.000Z
673224622663820708727356,c476,Sanjay Rajput,8280181952,2025-08-15T00:00:00.000Z
753107309656169669684484,c477,Deepak Rajput,9168941388,2025-12-03T00:00:00.000Z
956685614965485246380185,c478,Gaurav Singh,9912679840,2025-12-22T00:00:00.000Z
321638028528684071068847,c479,Gaurav Chaudhary,8386617408,2025-09-08T00:00:00.000Z
522446301730868287118348,c480,Lokesh Mishra,9862509436,2025-08-30T00:00:00.000Z
832745050939953457675518,c481,Gaurav Joshi,8819362411,2025-06-11T00:00:00.000Z
636649449355924368771623,c482,Gaurav Tiwari,9745262350,2025-06-29T00:00:00.000Z
521521791764529405169461,c483,Mohit Joshi,7162852821,2025-07-10T00:00:00.000Z
240118609159821124693698,c484,Mohit Sharma,8647014040,2025-09-11T00:00:00.000Z
650936981567576133973862,c485,Vinod Pathak,9388337769,2026-02-14T00:00:00.000Z
493797206099108846991342,c486,Rakesh Singh,9871286011,2025-05-01T00:00:00.000Z
807976998304382572858524,c487,Rahul Khan,7997864433,2025-12-19T00:00:00.000Z
438762980353930928837219,c488,Vikas Sinha,7092205710,2026-02-18T00:00:00.000Z
132086737560048171844775,c489,Vinod Singh,7154366381,2025-10-06T00:00:00.000Z
716110858380769046725092,c490,Rohit Ali,8571537898,2025-11-19T00:00:00.000Z
100625887942539714907491,c491,Ram Chaudhary,8096410857,2025-11-26T00:00:00.000Z
773355725729762406241088,c492,Sunil Yadav,8367770171,2026-02-12T00:00:00.000Z
143962315019202913183267,c493,Dinesh Ali,7205006205,2025-04-08T00:00:00.000Z
264551639967609028821869,c494,Ram Khan,8267169175,2025-12-03T00:00:00.000Z
727161249615977222886159,c495,Ajay Ansari,7992858472,2025-09-30T00:00:00.000Z
311457859510325560411593,c496,Nikhil Rajput,7330033861,2025-02-18T00:00:00.000Z
641368958259653300919570,c497,Arjun Sharma,8858595840,2025-12-02T00:00:00.000Z
361477470288532639754819,c498,Ajay Chaudhary,8879665881,2025-11-16T00:00:00.000Z
525257872548663894775622,c499,Yogesh Agarwal,9202919100,2025-02-25T00:00:00.000Z
142170778087934499167412,c500,Prakash Joshi,7127596045,2025-09-05T00:00:00.000Z
